...And_You_Will_Know_Us_by_the_Trail_of_Dead -> Jason_Reece
116_Clique -> Lecrae
13_&_God -> Doseone
311_(band) -> Nick_Hexum
3M8S -> Dean_Delannoit
5th_Story -> Gareth_Gates
6._Cadde -> Emre_Aydın
7_Walkers -> Papa_Mali
98_Degrees -> Drew_Lachey
98_Degrees -> Nick_Lachey
A-ha -> Morten_Harket
ABN_(hip_hop_duo) -> Z-Ro
AC/DC -> Angus_Young
AC/DC -> Axl_Rose
AC4 -> Dennis_Lyxzén
AFI_(band) -> Davey_Havok
A_Camp -> Nina_Persson
A_Perfect_Circle -> Maynard_James_Keenan
Above_the_Law_(group) -> Cold_187um
Achozen -> Kinetic_9
Age_of_Silence -> Lars_Nedland
Agents_of_Oblivion -> Dax_Riggs
Aina_(band) -> Amanda_Somerville
Al_Bano_and_Romina_Power -> Albano_Carrisi
Alabama_(band) -> Jeff_Cook
Alabina -> Ishtar_(singer)
Alcatrazz -> Graham_Bonnet
Alex,_Jorge_y_Lena -> Álex_Ubago
Ali_&_Gipp -> Big_Gipp
Alias_(band) -> Denny_DeMarchi
Alice_in_Chains -> Jerry_Cantrell
All_Hail_the_Silence -> BT_(musician)
All_That_Remains_(band) -> Philip_Labonte
Allen-Lande -> Jørn_Lande
Altan_(band) -> Dáithí_Sproule
Altan_(band) -> Mairéad_Ní_Mhaonaigh
Alyson_Avenue -> Anette_Olzon
Amaseffer -> Mats_Levén
Amen_(American_band) -> Casey_Chaos
American_Music_Club -> Mark_Eitzel
Amoral_(band) -> Ari_Koivunen
Analog_Brothers -> Ice-T
Analog_Brothers -> Kool_Keith
Anathema_(band) -> Daniel_Cavanagh
Andy_Irvine_&_Dónal_Lunny's_Mozaik -> Andy_Irvine_(musician)
Angelo_(band) -> Kirito
Animal_Collective -> Avey_Tare
Animal_Collective -> Panda_Bear_(musician)
Antemasque_(band) -> Cedric_Bixler-Zavala
Antique_(band) -> Elena_Paparizou
Apparatjik -> Guy_Berryman
Aqua_(band) -> Claus_Norreen
Aqua_(band) -> Lene_Nystrøm
Arab_Strap_(band) -> Aidan_Moffat
Arab_Strap_(band) -> Malcolm_Middleton
Arashi -> Kazunari_Ninomiya
Arcturus_(band) -> ICS_Vortex
Arcángel_&_De_La_Ghetto -> Arcángel_(singer)
Armageddon_(Swedish_band) -> Christopher_Amott
Armor_for_Sleep -> Ben_Jorgensen
Army_of_the_Pharaohs -> Apathy_(rapper)
Arson_Anthem -> Hank_Williams_III
Arson_Anthem -> Mike_Williams_(singer)
Arson_Anthem -> Phil_Anselmo
Artension -> John_West_(musician)
Ascension_of_the_Watchers -> Burton_C._Bell
Ashes_of_Ares -> Matt_Barlow
Asian_Kung-Fu_Generation -> Kensuke_Kita
Assjack -> Hank_Williams_III
At_the_Drive-In -> Cedric_Bixler-Zavala
At_the_Drive-In -> Keeley_Davis
Ataxia_(band) -> John_Frusciante
Atlas_Strategic -> Dan_Boeckner
Atomic_Bomb!_Band -> David_Byrne
Atomic_Kitten -> Liz_McClarnon
Atoms_for_Peace_(band) -> Flea_(musician)
Attila_(rock_band) -> Billy_Joel
Audiovision -> Christian_Liljegren
Aura_Noir -> Carl-Michael_Eide
Automatic_Loveletter -> Juliet_Simms
Avenged_Sevenfold -> M._Shadows
Aventura_(band) -> Henry_Santos
Aventura_(band) -> Romeo_Santos
Avey_Tare_&_Kría_Brekkan -> Kristín_Anna_Valtýsdóttir
Axiom_(Australian_band) -> Glenn_Shorrock
Ayreon -> Arjen_Anthony_Lucassen
Az_Yet -> Marc_Nelson
B'z -> Koshi_Inaba
Babes_in_Toyland_(band) -> Kat_Bjelland
Babyshambles -> Pete_Doherty
Bachman_&_Turner -> Fred_Turner_(musician)
Bachman–Turner_Overdrive -> Fred_Turner_(musician)
Backstreet_Boys -> A._J._McLean
Backstreet_Boys -> Brian_Littrell
Backstreet_Boys -> Howie_D.
Backstreet_Boys -> Nick_Carter_(musician)
Bad_Brains -> H.R.
Bad_Lieutenant_(band) -> Bernard_Sumner
Bad_Meets_Evil -> Eminem
Bad_Religion -> Brett_Gurewitz
Bajaga_i_Instruktori -> Momčilo_Bajagić
Bananarama -> Keren_Woodward
Bandana_(pop_band) -> Lourdes_Cecilia_Fernández
Bar_7 -> Jeff_Keith
Barclay_James_Harvest -> John_Lees_(musician)
Barenaked_Ladies -> Ed_Robertson
Barndance_Boys -> Daz_Sampson
BeBe_&_CeCe_Winans -> BeBe_Winans
BeBe_&_CeCe_Winans -> CeCe_Winans
Beauty_Queens -> Ksenija_Milošević
Beginner_(band) -> Jan_Delay
Behemoth_(band) -> Adam_Darski
Beltaine's_Fire -> Emcee_Lynx
Ben_Folds_Five -> Ben_Folds
Benassi_Bros. -> Benny_Benassi
Berlins_Most_Wanted -> Bushido_(rapper)
Berlins_Most_Wanted -> Fler
Bethlehem_(band) -> Niklas_Kvarforth
Big_&_Rich -> Big_Kenny
Big_Bang_(South_Korean_band) -> Daesung
Big_Dirty_Band -> Geddy_Lee
Big_Tymers -> Birdman_(rapper)
Big_Tymers -> Mannie_Fresh
Bigbang_(Norwegian_band) -> Øystein_Greni
Bike_for_Three! -> Buck_65
Bill_Wyman's_Rhythm_Kings -> Gary_U.S._Bonds
Billy_Joel_Band -> Billy_Joel
Billy_Talent -> Benjamin_Kowalewicz
Binary_Star_(hip_hop_group) -> One_Be_Lo
Black_Box_Recorder -> Luke_Haines
Black_Country_Communion -> Glenn_Hughes
Black_Country_Communion -> Jason_Bonham
Black_Country_Communion -> Joe_Bonamassa
Black_Flag_(band) -> Greg_Ginn
Black_Label_Society -> Zakk_Wylde
Black_Market_Militia -> Killah_Priest
Black_Rebel_Motorcycle_Club -> Peter_Hayes_(musician)
Black_Sabbath -> Ozzy_Osbourne
Black_Sheep_(duo) -> Dres_(rapper)
Blackblack -> Alex_Greenwald
Blackfield -> Aviv_Geffen
Blackhawk_(band) -> Henry_Paul_(musician)
Blackjack_(American_band) -> Michael_Bolton
Blanche_(band) -> Dan_John_Miller
Blaqk_Audio -> Davey_Havok
Blast_(American_band) -> Nick_Oliveri
Blayse -> Marc_Nelson
Bleed_the_Dream -> Brandon_Thomas_(musician)
Bleeding_Oath -> Mikael_Åkerfeldt
Blind_Guardian -> Hansi_Kürsch
Blindoldfreak -> Alessandro_Cortini
Blink-182 -> Mark_Hoppus
Bloc_Party -> Kele_Okereke
Blondie_(band) -> Debbie_Harry
Bloodbath -> Anders_Nyström
Bloodhound_Gang -> Jimmy_Pop
Blue_(English_band) -> Antony_Costa
Blue_October -> Justin_Furstenfeld
Blue_October -> Matt_Noveskey
Blue_Rodeo -> Jim_Cuddy
Blue_Öyster_Cult -> Buck_Dharma
Blue_Öyster_Cult -> Eric_Bloom
Blue_Öyster_Cult -> Kasim_Sulton
Blur_(band) -> Damon_Albarn
Blur_(band) -> Dave_Rowntree
Body_Count -> Ice-T
Bone_Brothers -> Bizzy_Bone
Bone_Brothers -> Layzie_Bone
Bone_Thugs-n-Harmony -> Bizzy_Bone
Bone_Thugs-n-Harmony -> Flesh-n-Bone
Bone_Thugs-n-Harmony -> Krayzie_Bone
Bone_Thugs-n-Harmony -> Layzie_Bone
Boredoms -> Yamantaka_Eye
Borknagar -> ICS_Vortex
Borknagar -> Lars_Nedland
Borknagar -> Øystein_Brun
Boyz_n_da_Hood -> Gorilla_Zoe
Boøwy -> Kyosuke_Himuro
Braid_(band) -> Chris_Broach
Brand_New_(band) -> Jesse_Lacey
Brand_Nubian -> Grand_Puba
Brandon_Paris_Band -> Brandon_Paris
Brazen_Abbot -> Göran_Edman
Brazil_(band) -> Jonathon_Newby
Breaking_Benjamin -> Benjamin_Burnley
Bright_Eyes_(band) -> Conor_Oberst
Brighton_Rock_(band) -> Gerry_McGhee
Brinsley_Schwarz -> Nick_Lowe
Broken_Bells -> James_Mercer_(musician)
Broken_Social_Scene -> Emily_Haines
Brother_Clyde -> Billy_Ray_Cyrus
Brother_Firetribe -> Emppu_Vuorinen
Brown_Brigade -> Dave_Baksh
Buck-Tick -> Atsushi_Sakurai
Buono! -> Airi_Suzuki
Buono! -> Miyabi_Natsuyaki
Buono! -> Momoko_Tsugunaga
Bus_Stop_(band) -> Daz_Sampson
Bush_(British_band) -> Gavin_Rossdale
Busted_(band) -> Matt_Willis
Buzzcocks -> Pete_Shelley
Böhse_Onkelz -> Matthias_Röhr
Cado_Belle -> Maggie_Reilly
Cain_(band) -> Alessandro_Nunziati
Cake_(band) -> John_McCrea_(musician)
Call_Me_No_One -> Clint_Lowery
CamelPhat -> Mike_Di_Scala
Camel_(band) -> Andrew_Latimer
Candlemass -> Mats_Levén
Cannibal_Corpse -> George_Fisher_(musician)
Capharnaum_(band) -> Matt_Heafy
Capone-N-Noreaga -> N.O.R.E.
Capra_(band) -> Michael_Johnson_(drummer)
Care_(band) -> Ian_Broudie
Carter_the_Unstoppable_Sex_Machine -> Jim_Bob
Casiopea -> Akira_Jimbo
Cavalera_Conspiracy -> Max_Cavalera
Celldweller -> Klayton
Children_of_Bodom -> Alexi_Laiho
Children_of_the_Corn_(group) -> Cam'ron
China_Dolls -> Hwa_Hwa
Chroma_Key -> Kevin_Moore
Cibo_Matto -> Miho_Hatori
CirKus -> Neneh_Cherry
Circa_Survive -> Anthony_Green_(musician)
Circle_of_Dust -> Klayton
Circulatory_System_(band) -> Jeff_Mangum
City_of_Fire_(band) -> Burton_C._Bell
Clannad -> Moya_Brennan
Client_(band) -> Charlotte_Hatherley
Clues_(band) -> Alden_Penner
Coal_Chamber -> Dez_Fafara
Cocaine_80s -> Common_(rapper)
Coheed_and_Cambria -> Josh_Eppard
Coldplay -> Chris_Martin
Coldplay -> Guy_Berryman
Colonel_Claypool's_Bucket_of_Bernie_Brains -> Les_Claypool
Colosseum_(band) -> Chris_Farlowe
Commissioned_(gospel_group) -> Fred_Hammond
Commissioned_(gospel_group) -> Marvin_Sapp
Compton's_Most_Wanted -> MC_Eiht
Concrete_Blonde -> Johnette_Napolitano
Confession_(band) -> Michael_Crafter
Confront_James -> Greg_Ginn
Confrontation_Camp -> Chuck_D
Conor_Oberst_and_the_Mystic_Valley_Band -> Conor_Oberst
Constantines -> Bryan_Webb
Cool_(band) -> Yuri_(Korean_singer)
Corona_(band) -> Olga_Souza
Coughee_Brothaz -> Devin_the_Dude
Counting_Crows -> Adam_Duritz
Country_Musume -> Momoko_Tsugunaga
Court_Yard_Hounds -> Emily_Robison
Court_Yard_Hounds -> Martie_Maguire
Cradle_of_Filth -> Dani_Filth
Crash_Karma -> Edwin_(musician)
Crazy_Town -> Epic_Mazur
Cronian -> Øystein_Brun
Crooked_Lettaz -> David_Banner
Crosby,_Stills,_Nash_&_Young -> Neil_Young
Crossfade_(Swedish_band) -> Göran_Edman
Crowded_House -> Neil_Finn
Cruel_Youth_(band) -> Natalia_Kills
Crunt -> Kat_Bjelland
Culture_Club -> Boy_George
Cute_(Japanese_idol_group) -> Airi_Suzuki
Cute_(Japanese_idol_group) -> Mai_Hagiwara
Cypress_Hill -> B-Real
D+_(band) -> Karl_Blau
D.A.R.K. -> Dolores_O'Riordan
D.O.A._(band) -> Joe_Keithley
D12 -> Bizarre_(rapper)
D12 -> Eminem
DB_Boulevard -> Moony
DC_Talk -> Kevin_Max
DC_Talk -> Michael_Tait
DDT_(band) -> Yuri_Shevchuk
DNCE -> Joe_Jonas
DRC_Music -> Damon_Albarn
DRC_Music -> Dan_the_Automator
DRC_Music -> Jneiro_Jarel
Damnocracy -> Jason_Bonham
Danzig_(band) -> Glenn_Danzig
Dark_Lotus -> Shaggy_2_Dope
Dark_Lotus -> Violent_J
Dark_Tranquillity -> Mikael_Stanne
Darkthrone -> Fenriz
Darkthrone -> Nocturno_Culto
Das_Oath -> Mark_McCoy
Dashboard_Confessional -> Chris_Carrabba
Daughtry_(band) -> Chris_Daughtry
Dave_Brockie_Experience -> Dave_Brockie
Dave_Matthews_&_Friends -> Dave_Matthews
Dave_Matthews_Band -> Dave_Matthews
Dave_Matthews_and_Tim_Reynolds -> Dave_Matthews
De_La_Soul -> David_Jude_Jolicoeur
De_La_Soul -> Kelvin_Mercer
De_Toppers -> Jeroen_van_der_Boom
Dead_&_Company -> Bob_Weir
Dead_Can_Dance -> Lisa_Gerrard
Dead_Executives -> Benji_Madden
Dead_Executives -> Joel_Madden
Death_Breath -> Nicke_Andersson
Death_Cab_for_Cutie -> Ben_Gibbard
Death_Spells -> Frank_Iero
Death_by_Stereo -> Efrem_Schulz
Death_in_June -> Douglas_P.
Deconstruction_(band) -> Dave_Navarro
Deep_Puddle_Dynamics -> Doseone
Deep_Purple -> Ian_Gillan
Def_Leppard -> Joe_Elliott
Def_Squad -> Erick_Sermon
Def_Squad -> Keith_Murray_(rapper)
Deli_Creeps -> Maximum_Bob_(singer)
Deltron_3030 -> Dan_the_Automator
Deltron_3030 -> Del_the_Funky_Homosapien
Demigodz -> Apathy_(rapper)
Demons_and_Wizards_(band) -> Hansi_Kürsch
Depeche_Mode -> Dave_Gahan
Depeche_Mode -> Martin_Gore
Desaparecidos_(band) -> Conor_Oberst
Destroyer_(band) -> Dan_Bejar
Destry_(band) -> Michelle_DaRosa
Device_(metal_band) -> David_Draiman
DevilDriver -> Dez_Fafara
Devil_You_Know_(band) -> Howard_Jones_(American_musician)
Devilment -> Dani_Filth
Diabolical_Masquerade -> Anders_Nyström
Diabolical_Masquerade -> Dan_Swanö
Diabolique_(band) -> Kristian_Wåhlin
Die_Ärzte -> Bela_B.
Die_Ärzte -> Farin_Urlaub
Dinosaur_Jr. -> J_Mascis
Dinosaur_Jr. -> Lou_Barlow
Dir_En_Grey -> Kyo_(musician)
Disturbed_(band) -> David_Draiman
Divine_Fits -> Dan_Boeckner
Divinefire -> Christian_Liljegren
Dixie_Chicks -> Emily_Robison
Dixie_Chicks -> Martie_Maguire
Dixie_Chicks -> Natalie_Maines
Dobrovoljno_Pevačko_Društvo -> Kiki_Lesendrić
Donna_Jean_Godchaux_Band -> Donna_Jean_Godchaux
Dope_(band) -> Edsel_Dope
Down_'n'_Outz -> Joe_Elliott
Down_(band) -> Phil_Anselmo
DragonForce -> Frédéric_Leclercq
Dreadzone -> Earl_Sixteen
Dream_Morning_Musume -> Kaori_Iida
Dream_Morning_Musume -> Kei_Yasuda
Dream_Morning_Musume -> Koharu_Kusumi
Dream_Morning_Musume -> Makoto_Ogawa
Dream_Morning_Musume -> Miki_Fujimoto
Dream_Morning_Musume -> Natsumi_Abe
Dream_Morning_Musume -> Yuko_Nakazawa
Dream_Theater -> James_LaBrie
Dream_Theater -> John_Petrucci
Drumsing -> Andrew_Edge
Dub_War -> Benji_Webbe
Duck_Sauce -> A-Trak
DumDum_Boys -> Prepple_Houmb
Dumblonde -> Aubrey_O'Day
Dumpstaphunk -> Ivan_Neville
Duo_de_Twang -> Les_Claypool
Duran_Duran -> John_Taylor_(bass_guitarist)
Dusted_(Canadian_band) -> Brian_Borcherdt
Dwarves_(band) -> Blag_Dahlia
Dwarves_(band) -> Nick_Oliveri
EMC_(hip_hop_group) -> Masta_Ace
EMC_(hip_hop_group) -> Wordsworth_(rapper)
EPMD -> Erick_Sermon
EPMD -> PMD_(rapper)
E_Street_Band -> Bruce_Springsteen
E_Street_Band -> Nils_Lofgren
Eagles_of_Death_Metal -> Jesse_Hughes_(musician)
Eagles_of_Death_Metal -> Josh_Homme
Earth,_Wind_&_Fire -> Philip_Bailey
Earthlings%3F -> Peter_Stahl
Ebba_Grön -> Joakim_Thåström
Edie_Brickell_&_New_Bohemians -> Edie_Brickell
Eels_(band) -> Mark_Oliver_Everett
Egó -> Bubbi_Morthens
Einstürzende_Neubauten -> Blixa_Bargeld
El_Grupo_Nuevo_de_Omar_Rodriguez_Lopez -> Cedric_Bixler-Zavala
Electric_Light_Orchestra -> Jeff_Lynne
Elitsa_&_Stoyan -> Elitsa_Todorova
Embrace_(English_band) -> Danny_McNamara
Emperor_(band) -> Ihsahn
Enigma_(musical_project) -> Michael_Cretu
Entombed_(band) -> Nicke_Andersson
Entrance_(musician) -> Paz_Lenchantin
Epica_(band) -> Ariën_van_Weesenbeek
Epikouri -> Anna_Vissi
Era_(musical_project) -> Eric_Lévi
Eraserheads -> Ely_Buendia
Eric's_Trip -> Julie_Doiron
Error_(band) -> Brett_Gurewitz
Eskimo_Joe -> Kavyen_Temperley
Espionage_(production_team) -> Espen_Lind
Europe_(band) -> Joey_Tempest
Evelyn_Evelyn -> Amanda_Palmer
Evelyn_Evelyn -> Jason_Webley
Everclear_(band) -> Art_Alexakis
Every_Little_Thing_(band) -> Kaori_Mochida
Excellence_(pop_group) -> Ana_Johnsson
Exit-13 -> Dan_Lilker
Exposé_(group) -> Gioia_Bruno
Eyehategod -> Mike_Williams_(singer)
FFS_(band) -> Alex_Kapranos
Faith_No_More -> Mike_Patton
Faithless -> Maxi_Jazz
Fall_Out_Boy -> Patrick_Stump
Fall_Out_Boy -> Pete_Wentz
Fangoria_(band) -> Alaska_(singer)
Fantômas_(band) -> Buzz_Osborne
Fantômas_(band) -> Mike_Patton
Fastway_(band) -> Eddie_Clarke
Fear_Factory -> Burton_C._Bell
Fear_and_the_Nervous_System -> James_Shaffer
Fear_of_Pop -> Ben_Folds
Feeder -> Grant_Nicholas
Fields_of_the_Nephilim -> Carl_McCoy
Fififf_Teeners -> Chris_Goss
Fififf_Teeners -> Josh_Homme
Fight_the_Sky -> Jacoby_Shaddix
Fin.K.L -> Lee_Hyori
Final_(band) -> Justin_Broadrick
Final_Exit_(band) -> Dennis_Lyxzén
Finders_Keepers_(band) -> Glenn_Hughes
Finn_Brothers -> Neil_Finn
Fintelligens -> Elastinen
FireHouse_(band) -> C._J._Snare
Fireside_(band) -> Kristofer_Åström
Fistful_of_Mercy -> Ben_Harper
Fistful_of_Mercy -> Joseph_Arthur
Flash_Bang_Grenada -> Busdriver
Fleetwood_Mac -> Christine_McVie
Fleetwood_Mac -> Lindsey_Buckingham
Flight_of_the_Conchords -> Bret_McKenzie
Flobots -> Jamie_Laurie
Floetry -> Marsha_Ambrosius
Flower_Flower -> Yui_(singer)
Fluffers -> Glenn_Tilbrook
Fly_to_the_Sky -> Brian_Joo
Flying_Colors_(band) -> Neal_Morse
Flyte_Tyme_(band) -> Alexander_O'Neal
Foo_Fighters -> Dave_Grohl
Fovea_Hex -> Clodagh_Simonds
Foxboro_Hot_Tubs -> Billie_Joe_Armstrong
Foxboro_Hot_Tubs -> Mike_Dirnt
Franky_Lee -> Mathias_Färm
Franz_Ferdinand_(band) -> Alex_Kapranos
Freestyle_Fellowship -> Myka_9
Freestyle_Fellowship -> Peace_(rapper)
French_Kiss_(band) -> Yuki_Kashiwagi
Freshlyground -> Zolani_Mahola
Frosted_(band) -> Jane_Wiedlin
Fugazi -> Ian_MacKaye
Fun-Da-Mental -> Aki_Nawaz
Funky_Junction -> Phil_Lynott
Further_Seems_Forever -> Chris_Carrabba
Fushitsusha -> Keiji_Haino
Future_Leaders_of_the_World -> John_LeCompt
G-Unit -> 50_Cent
G-Unit -> Lloyd_Banks
G._Love_&_Special_Sauce -> G._Love
Gaahls_Wyrd -> Gaahl
Gaahlskagg -> Gaahl
Gaither_Vocal_Band -> Bill_Gaither_(gospel_singer)
Gartnerlosjen -> Kristopher_Schau
Gayngs -> Har_Mar_Superstar
Genesis_(band) -> Phil_Collins
Get_Busy_Committee -> Apathy_(rapper)
Geto_Boys -> Bushwick_Bill
Ghost_Mice -> Chris_Clavin
Girl_Friends_(band) -> Yuri_(Korean_singer)
Glass_Harp_(band) -> Phil_Keaggy
Glasvegas -> James_Allan_(musician)
Globus_(music) -> Anneke_van_Giersbergen
Glowbug -> Daniel_Anderson_(musician)
Gnarls_Barkley -> CeeLo_Green
God_Seed -> Gaahl
Godflesh -> Justin_Broadrick
Godhead_(band) -> Jason_C._Miller
Gogol_Bordello -> Eugene_Hütz
Golden_Smog -> Gary_Louris
Goldfrapp -> Alison_Goldfrapp
Goo_Goo_Dolls -> John_Rzeznik
Goober_&_the_Peas -> Dan_John_Miller
Goober_&_the_Peas -> Jack_White
Good_Charlotte -> Benji_Madden
Good_Charlotte -> Joel_Madden
Goodie_Mob -> Big_Gipp
Goodie_Mob -> CeeLo_Green
Goodie_Mob -> Khujo
Goon_Moon -> Chris_Goss
Gorillaz -> Damon_Albarn
Got_a_Girl -> Dan_the_Automator
Gotham_Road -> Michale_Graves
Graffiti6 -> Jamie_Scott
Grandaddy -> Jim_Fairchild
Grazhdanskaya_Oborona -> Yegor_Letov
Green_Day -> Billie_Joe_Armstrong
Green_Day -> Mike_Dirnt
Gregg_Allman_Band -> Gregg_Allman
Greymachine -> Justin_Broadrick
Groove_Theory -> Amel_Larrieux
Groove_Theory -> Bryce_Wilson
Grotesque_(band) -> Kristian_Wåhlin
Guilt_Machine -> Arjen_Anthony_Lucassen
Guns_N'_Roses -> Axl_Rose
Guns_N'_Roses -> Duff_McKagan
Guru_Guru -> Mani_Neumeier
Guy_McCoy_Tormé -> Bernie_Tormé
Haiku_D'Etat -> Abstract_Rude
Haiku_D'Etat -> Myka_9
Hail_Mary_Mallon -> Aesop_Rock
Hale_(band) -> Champ_Lui_Pio
Hall_&_Oates -> Daryl_Hall
Hall_&_Oates -> John_Oates
Handsome_Boy_Modeling_School -> Dan_the_Automator
Handsome_Furs -> Dan_Boeckner
Hari_Mata_Hari -> Hari_Varešanović
Harvard_of_the_South_(band) -> Justin_Furstenfeld
Harvard_of_the_South_(band) -> Matt_Noveskey
Haus_of_Gaga -> Lady_Gaga
Havoc_&_Prodeje -> Havoc_(musician)
Head_Control_System -> Kristoffer_Rygg
Head_Phones_President -> Anza_(singer)
Heart_of_Gold_Band -> Donna_Jean_Godchaux
Heavenly_(French_band) -> Benjamin_Sotto
Heavy_Metal_Kings -> Ill_Bill
Hed_PE -> Jared_Gomes
Hedley_(band) -> Jacob_Hoggard
Hello,_Blue_Roses -> Dan_Bejar
Hello_Saferide -> Maia_Hirasawa
Hellogoodbye -> Forrest_Kline
Helloween -> Markus_Grosskopf
Helloween -> Michael_Weikath
Heroes_&_Zeros -> Hans_Jørgen_Undelstvedt
Hieroglyphics_(group) -> Casual_(rapper)
Hieroglyphics_(group) -> Del_the_Funky_Homosapien
Hieroglyphics_(group) -> Domino_(producer)
Hieroglyphics_(group) -> Pep_Love
High_and_Driving -> Anthony_Green_(musician)
Hiroshi_Uchiyamada_and_Cool_Five -> Kiyoshi_Maekawa
Hit_Squad -> Keith_Murray_(rapper)
Hollywood_Vampires_(band) -> Alice_Cooper
Holy_Fuck -> Brian_Borcherdt
HorrorPops -> Patricia_Day
Hot_Boys -> B.G._(rapper)
Hot_Boys -> Juvenile_(rapper)
Hot_Natured -> Ali_Love
Hot_Tuna -> Jorma_Kaukonen
House_of_Pain -> Danny_Boy_(rapper)
House_of_Pain -> Everlast_(musician)
Huey_Lewis_and_the_News -> Huey_Lewis
Hughes/Thrall -> Glenn_Hughes
Hughes_Turner_Project -> Glenn_Hughes
Human_Drama -> Johnny_Indovina
Human_Nature_(band) -> Michael_Tierney_(musician)
Humble_Gods -> Daddy_X
Hurra_Torpedo -> Kristopher_Schau
Hurtsmile -> Gary_Cherone
Hypocrisy_(band) -> Peter_Tägtgren
IMx -> Marques_Houston
INVSN -> Dennis_Lyxzén
I_Am_Arrows -> Andy_Burrows
I_Mother_Earth -> Edwin_(musician)
Ice_(band) -> Justin_Broadrick
Icepick_(band) -> Danny_Diablo
Idiot_Pilot -> Daniel_Anderson_(musician)
Il_Divo -> Carlos_Marín
Il_Divo -> David_Miller_(tenor)
Ilium_(band) -> Lance_King
Immortal_(band) -> Harald_Nævdal
Immortal_(band) -> Ole_Moe
Imperia_(band) -> Helena_Iren_Michaelsen
Imperial_State_Electric -> Nicke_Andersson
In_Flames -> Anders_Fridén
Incubus_(band) -> Mike_Einziger
Infectious_Grooves -> Mike_Muir
Insane_Clown_Posse -> Shaggy_2_Dope
Insane_Clown_Posse -> Violent_J
Insomnium -> Niilo_Sevänen
Instant_Karma_(band) -> Ehsaan_Noorani
Invasionen -> Dennis_Lyxzén
Iris_(American_band) -> Andrew_Sega
Iron_Maiden -> Bruce_Dickinson
JAM_Project -> Hironobu_Kageyama
JAM_Project -> Masaaki_Endoh
JAM_Project -> Masami_Okui
JAM_Project -> Yoshiki_Fukuyama
JJ_Doom -> Jneiro_Jarel
J_Mascis_+_The_Fog -> J_Mascis
Jack's_Mannequin -> Andrew_McMahon
Jack_Off_Jill -> Jessicka
James_Chance_and_the_Contortions -> James_Chance
Jamiroquai -> Jay_Kay
Jane's_Addiction -> Dave_Navarro
Jane's_Addiction -> Perry_Farrell
Jane_(American_band) -> Panda_Bear_(musician)
Japanese_Cartoon_(band) -> Lupe_Fiasco
Jebediah -> Kevin_Mitchell_(musician)
Jello_Biafra_and_the_Guantanamo_School_of_Medicine -> Jello_Biafra
Jesu -> Justin_Broadrick
Jet_(band) -> Nic_Cester
Jim_Crow_(group) -> Polow_da_Don
Joe_Lean_&_The_Jing_Jang_Jong -> Joe_Van_Moyland
John_Butler_Trio -> John_Butler_(musician)
John_Foxx_and_the_Maths -> John_Foxx
Johnny_Hates_Jazz -> Clark_Datchler
Jonathan_Davis_and_the_SFA -> Jonathan_Davis
Jonathan_Davis_and_the_SFA -> L._Shankar
Juan_de_la_Cruz_Band -> Pepe_Smith
Julian_Casablancas+The_Voidz -> Julian_Casablancas
Junior_Blue -> Brian_Borcherdt
Junior_M.A.F.I.A. -> Lil'_Cease
Juniper_(band) -> Damien_Rice
KC_and_the_Sunshine_Band -> Harry_Wayne_Casey
Kaada/Patton -> Mike_Patton
Kabah_(band) -> María_José_(singer)
Kailasa_(band) -> Kailash_Kher
Kaizers_Orchestra -> Janove_Ottesen
Kajagoogoo -> Limahl
Kangta_&_Vanness -> Kangta
Kanjani_Eight -> You_Yokoyama
Karmakanic -> Göran_Edman
Katastrophy_Wife -> Kat_Bjelland
Katatonia -> Anders_Nyström
Kazik_na_Żywo -> Kazik_Staszewski
Kid_'n_Play -> Christopher_Martin_(entertainer)
Kikki,_Bettan_&_Lotta -> Kikki_Danielsson
Kikki,_Bettan_&_Lotta -> Lotta_Engberg
Killarmy -> Dom_Pachino
Killarmy -> Kinetic_9
Killer_Be_Killed -> Max_Cavalera
Killer_Bee_(band) -> Denny_DeMarchi
Killswitch_Engage -> Adam_Dutkiewicz
Killswitch_Engage -> Jesse_Leach
KinKi_Kids -> Koichi_Domoto
King_Diamond_(band) -> King_Diamond
Kings_of_Chaos_(band) -> Chester_Bennington
Kings_of_Convenience -> Erlend_Øye
Kingspade -> D-Loc
Kiske/Somerville -> Amanda_Somerville
Kiske/Somerville -> Michael_Kiske
Kiss_(band) -> Gene_Simmons
Kiss_(band) -> Paul_Stanley
Kittie -> Morgan_Lander
Korn -> Brian_Welch
Korn -> James_Shaffer
Korn -> Jonathan_Davis
Kottonmouth_Kings -> D-Loc
Kottonmouth_Kings -> Daddy_X
Kreator -> Mille_Petrozza
Krux -> Mats_Levén
Krypteria -> Ji-In_Cho
Kula_Shaker -> Crispian_Mills
Kult_(band) -> Kazik_Staszewski
Kumbia_All_Starz -> A.B._Quintanilla
Kuroyume -> Kiyoharu
Kush_(band) -> B-Real
Kyle_Gass_Band -> Kyle_Gass
Kylähullut -> Alexi_Laiho
L'Arc-en-Ciel -> Hyde_(musician)
L'Arc-en-Ciel -> Ken_(musician)
L'Spaerow -> Chris_Broach
LA_Symphony -> Flynn_Adam
LBC_Crew -> Bad_Azz_(rapper)
LCD_Soundsystem -> James_Murphy_(electronic_musician)
La_5ª_Estación -> Natalia_Jiménez
La_Banda_Gorda -> Jose_Peña_Suazo
La_Coka_Nostra -> Danny_Boy_(rapper)
La_Coka_Nostra -> Ill_Bill
La_Formula -> Arcángel_(singer)
La_Ley_(band) -> Beto_Cuevas
Lacuna_Coil -> Cristina_Scabbia
Ladysmith_Black_Mambazo -> Joseph_Shabalala
Lamb_(band) -> Lou_Rhodes
Lands_(band) -> Jin_Akanishi
Lard_(band) -> Jello_Biafra
Larsiny_Family -> Cassidy_(rapper)
Latyrx -> Lyrics_Born
Lazy_(band) -> Hironobu_Kageyama
Le_Tigre -> Kathleen_Hanna
Lee_Matthews_(singer)__NXT-GEN__1 -> Pete_Doherty
Les_Claypool's_Fancy_Band -> Les_Claypool
Les_Variations -> F._R._David
Level_42 -> Mark_King_(musician)
Life_of_Agony -> Mina_Caputo
Likwit_Crew -> Madlib
Likwit_Crew -> Xzibit
Lindemann_(band) -> Peter_Tägtgren
Linkin_Park -> Chester_Bennington
Linkin_Park -> Joe_Hahn
Linkin_Park -> Mike_Shinoda
Linkup -> M._Pokora
List_of_Avenged_Sevenfold_members -> M._Shadows
List_of_Bad_Religion_band_members -> Brett_Gurewitz
List_of_Black_Flag_band_members -> Greg_Ginn
List_of_Bryan_Adams_backing_band_members -> Bryan_Adams
List_of_Def_Leppard_band_members -> Joe_Elliott
List_of_Earth,_Wind_&_Fire_band_members -> Philip_Bailey
List_of_Genesis_band_members -> Phil_Collins
List_of_Iron_Maiden_band_members -> Bruce_Dickinson
List_of_Korn_band_members -> Brian_Welch
List_of_Korn_band_members -> James_Shaffer
List_of_Korn_band_members -> Jonathan_Davis
List_of_Lynyrd_Skynyrd_band_members -> Johnny_Van_Zant
List_of_Misfits_band_members -> Glenn_Danzig
List_of_Nightwish_band_members -> Emppu_Vuorinen
List_of_Nightwish_band_members -> Marco_Hietala
List_of_Nine_Inch_Nails_band_members -> Alessandro_Cortini
List_of_Opeth_band_members -> Mikael_Åkerfeldt
List_of_Pearl_Jam_band_members -> Eddie_Vedder
List_of_Red_Hot_Chili_Peppers_band_members -> Anthony_Kiedis
List_of_Soundgarden_band_members -> Chris_Cornell
List_of_Suicidal_Tendencies_band_members -> Mike_Muir
List_of_Train_members -> Patrick_Monahan
List_of_Twisted_Sister_band_members -> Dee_Snider
Litfiba -> Piero_Pelù
Little_Feat -> Paul_Barrere
Little_Jackie -> Imani_Coppola
Lloyd_Cole_and_the_Commotions -> Lloyd_Cole
Loaded_(band) -> Duff_McKagan
Loose_Fur -> Jeff_Tweedy
Lootpack -> Madlib
Los_Favoritos -> Mary_Ann_Acevedo
Lost_Boyz -> Mr._Cheeks
Lost_Dogs -> Michael_Roe
Lovage_(band) -> Dan_the_Automator
Lovage_(band) -> Mike_Patton
Love_Runs_Blind_(LRB) -> Ayub_Bachchu
Lovzar -> Makka_Sagaipova
Low_Pros -> A-Trak
Luna_Sea -> Inoran
Luna_Sea -> J_(musician)
Lunik -> Jaël
Luniz -> Yukmouth
Luv'_(Dutch_band) -> José_Hoebee
Lynyrd_Skynyrd -> Johnny_Van_Zant
MC_Hellshit_&_DJ_Carhouse -> Yamantaka_Eye
MHz_Legacy -> Copywrite_(rapper)
MOJOFLY -> Lougee_Basabas
MadGibbs -> Madlib
Made_Men -> Benzino
Madvillain -> Madlib
Maiden_uniteD -> Anneke_van_Giersbergen
Major_Organ_and_the_Adding_Machine -> Jeff_Mangum
Malice_Mizer -> Klaha
Manic_Street_Preachers -> Nicky_Wire
Margret_Heater -> Brandon_Thomas_(musician)
Marilyn_Manson_(band) -> Marilyn_Manson
Maritime_(band) -> Davey_von_Bohlen
Maroon_5 -> Adam_Levine
Marvelous_3 -> Butch_Walker
Mashina_Vremeni -> Andrey_Makarevich
Mass_Mental -> Benji_Webbe
Massive_Monkees -> One_Be_Lo
Masta_Ace_Incorporated -> Masta_Ace
Master_(American_band) -> Paul_Speckmann
Masters_of_Reality -> Chris_Goss
Maximum_the_Hormone -> Daisuke_Tsuda_(musician)
Maximum_the_Hormone -> Nao_Kawakita
Maxïmo_Park -> Paul_Smith_(rock_vocalist)
Mayan_(band) -> Ariën_van_Weesenbeek
Maze_(band) -> Frankie_Beverly
McBusted -> Matt_Willis
Me_First_and_the_Gimme_Gimmes -> Fat_Mike
Megadeth -> Dave_Mustaine
Melvins -> Buzz_Osborne
Mercyful_Fate -> King_Diamond
Metal_Brothers -> Hironobu_Kageyama
Metal_Brothers -> Masaaki_Endoh
Metallica -> James_Hetfield
Method_Man_&_Redman -> Method_Man
Metric_(band) -> Emily_Haines
Midnattsol -> Carmen_Elise_Espenæs
Midwest_Kings -> David_Cook_(singer)
Mike_Herrera's_Tumbledown -> Mike_Herrera
Mikhail_Men__Michael_Men_Project__1 -> Glenn_Hughes
Millencolin -> Mathias_Färm
Ming_Tea -> Matthew_Sweet
Miseration -> Christian_Älvestam
Mo-dettes -> June_Miles-Kingston
Mo_Thugs -> Flesh-n-Bone
Mo_Thugs -> Krayzie_Bone
Mo_Thugs -> Layzie_Bone
Mobb_Deep -> Havoc_(musician)
Modest_Mouse -> Jim_Fairchild
Modwheelmood -> Alessandro_Cortini
Mojack -> Greg_Ginn
Mojave_3 -> Neil_Halstead
Monade -> Lætitia_Sadier
Mondo_Generator -> Nick_Oliveri
Mono_Band -> Kate_Havnevik
Monster_Magnet -> Dave_Wyndorf
Monsters_of_Folk -> Conor_Oberst
Monsters_of_Folk -> M._Ward
Mounties_(band) -> Hawksley_Workman
Mr._Big_(American_band) -> Billy_Sheehan
Mr._Children -> Kazutoshi_Sakurai
Much_the_Same -> Gunner_McGrath
Murder_Inc._(rap_group) -> DMX_(rapper)
Murder_Inc._(rap_group) -> Ja_Rule
Muse_(band) -> Chris_Wolstenholme
Muse_(band) -> Matt_Bellamy
Mushroomhead -> Jason_Popson
Mushroomhead -> Jeffrey_Hatrix
Mutya_Keisha_Siobhan -> Mutya_Buena
MxPx -> Mike_Herrera
My_Bloody_Valentine_(band) -> Bilinda_Butcher
My_Federation -> Lee_Muddy_Baker
Mårran -> Göran_Edman
Möngöl_Hörde -> Frank_Turner
Múm -> Ólöf_Arnalds
N.E.R.D -> Pharrell_Williams
NOFX -> Fat_Mike
Na_Mooneys -> Mairéad_Ní_Mhaonaigh
Napalm_Death -> Barney_Greenway
NapsaQ -> Mikuni_Shimokawa
Narnia_(band) -> Christian_Liljegren
Native_Korean_Rock -> Karen_O
Necrophagist -> Muhammed_Suiçmez
Negative_(Serbian_band) -> Ivana_Peters
Nephlim_Modulation_Systems -> Bigg_Jus
New_Kids_on_the_Block -> Joey_McIntyre
New_Kids_on_the_Block -> Jonathan_Knight
New_Kids_on_the_Block -> Jordan_Knight
New_Order_(band) -> Bernard_Sumner
Newsboys -> Michael_Tait
Newsted -> Jason_Newsted
Nick_Cave_and_the_Bad_Seeds -> Nick_Cave
Nick_Jonas_&_the_Administration -> Nick_Jonas
Nickelback -> Chad_Kroeger
Night_Ark -> Arto_Tunçboyacıyan
Nightingale_(band) -> Dan_Swanö
Nightnoise -> Mícheál_Ó_Domhnaill
Nightwish -> Emppu_Vuorinen
Nightwish -> Marco_Hietala
Nine_Horses -> David_Sylvian
Nine_Inch_Nails -> Alessandro_Cortini
Niyaz -> Azam_Ali
No3b -> Haruna_Kojima
No3b -> Minami_Takahashi
No_Doubt -> Gwen_Stefani
No_Mercy_(metal_band) -> Mike_Muir
Nobody_Special -> Black_Francis
Nokturnal_Mortum -> Knjaz_Varggoth
Northern_Kings -> Marco_Hietala
Nuclear_Assault -> Dan_Lilker
OSI_(band) -> Kevin_Moore
Obsession_(band) -> Michael_Vescera
Ocean's_7 -> Jermaine_Dupri
Ocean's_7 -> Johntá_Austin
October_Faction -> Greg_Ginn
Of_Verona -> Mandi_Perkins
OhGr -> Nivek_Ogre
One_(band) -> Constantinos_Christoforou
One_Day_as_a_Lion -> Zack_de_la_Rocha
One_More_Time_(band) -> Nanne_Grönvall
Operator_(band) -> Johnny_Strong
Opeth -> Mikael_Åkerfeldt
Organ_Thieves -> Dave_Baksh
Organized_Konfusion -> Pharoahe_Monch
Orion_the_Hunter_(band) -> Fran_Cosmo
Orquesta_del_Desierto -> Peter_Stahl
Outkast -> André_3000
Outkast -> Big_Boi
Outlaws_(band) -> Henry_Paul_(musician)
Outlawz -> E.D.I._Mean
Overkill_(band) -> Bobby_Ellsworth
Overseas_(band) -> David_Bazan
P:ano -> Larissa_Loyva
Pagan_Babies_(band) -> Courtney_Love
Pagan_Babies_(band) -> Kat_Bjelland
Pain_(musical_project) -> Peter_Tägtgren
Pain_of_Salvation -> Daniel_Gildenlöw
Painkiller_(band) -> John_Zorn
Pajama_Club -> Neil_Finn
Pan.Thy.Monium -> Dan_Swanö
Pandora's_Box_(band) -> Jim_Steinman
Papa_Roach -> Jacoby_Shaddix
Paramore -> Hayley_Williams
Partibrejkers -> Zoran_Kostić_(musician)
Passenger_(Swedish_band) -> Anders_Fridén
Paths_of_Possession -> George_Fisher_(musician)
Patrick_Street -> Andy_Irvine_(musician)
Pc_Quest_(band) -> Gregori_Chad_Petree
Pearl_Jam -> Eddie_Vedder
Peeping_Tom_(band) -> Mike_Patton
Pere_Ubu -> David_Thomas_(musician)
Perfume_(Japanese_band) -> Ayaka_Nishiwaki
Perfume_(Japanese_band) -> Ayano_Ōmoto
Perfume_(Japanese_band) -> Yuka_Kashino
Person_L -> Kenny_Vasoli
Pete_Rock_&_CL_Smooth -> CL_Smooth
Pete_Rock_&_CL_Smooth -> Pete_Rock
Petra_(band) -> John_Schlitt
Phantom_Planet -> Alex_Greenwald
Phases_(band) -> Alex_Greenwald
Pierrot_(band) -> Kirito
Piloti_(band) -> Kiki_Lesendrić
Pinhead_Gunpowder -> Billie_Joe_Armstrong
Pistol_Annies -> Miranda_Lambert
Pitch_Black_Forecast -> Jason_Popson
Pitchshifter -> JS_Clayden
Pixies -> Black_Francis
Pixies -> David_Lovering
Pixies -> Paz_Lenchantin
Place_Vendome_(band) -> Michael_Kiske
Placebo_(band) -> Brian_Molko
Platinum_Weird -> Kara_DioGuardi
Poison_(American_band) -> Bret_Michaels
Porsuigieco -> Charly_García
Primus_(band) -> Les_Claypool
Professor_Ratbaggy -> Paul_Kelly_(Australian_musician)
Psi_Com -> Perry_Farrell
Psychic_TV -> Genesis_P-Orridge
Psycho_Realm -> B-Real
Psychopathic_Rydas -> Anybody_Killa
Psychopathic_Rydas -> Boondox
Psychopathic_Rydas -> Shaggy_2_Dope
Psychopathic_Rydas -> Violent_J
Public_Enemy_(band) -> Chuck_D
Public_Enemy_(band) -> Flavor_Flav
Public_Image_Ltd -> John_Lydon
Pupil_(band) -> Ely_Buendia
Purple_Ribbon_All-Stars -> Big_Boi
Purple_Ribbon_All-Stars -> Killer_Mike
Puscifer -> Carina_Round
Puscifer -> Maynard_James_Keenan
Puss_n_Boots -> Norah_Jones
Pyx_Lax -> Filippos_Pliatsikas
QDT -> DJ_Quik
Queen_(band) -> Brian_May
Queen_+_Adam_Lambert -> Brian_May
Queenadreena -> KatieJane_Garside
Queens_of_the_Stone_Age -> Josh_Homme
RNDM -> Joseph_Arthur
Rabbit_(Japanese_band) -> Ai_Otsuka
Radish_(band) -> Ben_Kweller
Rage_Against_the_Machine -> Zack_de_la_Rocha
Rajaton -> Essi_Wuorela
Rancid_(band) -> Lars_Frederiksen
Rapstar_(group) -> Fabri_Fibra
Rasputina_(band) -> Melora_Creager
RatDog -> Bob_Weir
Ray_&_Anita -> Anita_Doth
Razorlight -> Johnny_Borrell
Red_Hot_Chili_Peppers -> Anthony_Kiedis
Red_Hot_Chili_Peppers -> Flea_(musician)
Reel_Big_Fish -> Aaron_Barrett
Reflection_Eternal -> Hi-Tek
Refused -> Dennis_Lyxzén
Relentless7 -> Ben_Harper
Relient_K -> Matt_Thiessen
Renegade_(band) -> Luis_Cardenas
Retching_Red -> Cinder_Block_(musician)
Rezonance_Q -> Mike_Di_Scala
Riblja_Čorba -> Bora_Đorđević
Rick_Strom_(music_producer) -> Julee_Cruise
Ride_(band) -> Mark_Gardener
Riders_in_the_Sky_(band) -> Douglas_B._Green
Riders_in_the_Sky_(band) -> Fred_LaBour
Rikki_&_Daz -> Daz_Sampson
Ripping_Corpse -> Brandon_Thomas_(musician)
Rocket_from_the_Tombs -> David_Thomas_(musician)
Root_(band) -> Big_Boss_(musician)
Rootdown -> Paul_Wright_(singer)
Roseland_(band) -> Azam_Ali
Roxette -> Marie_Fredriksson
Royal_Hunt -> D._C._Cooper
Ruby_Throat -> KatieJane_Garside
Run_the_Jewels -> El-P
Run_the_Jewels -> Killer_Mike
Rush_(band) -> Geddy_Lee
Rx_(band) -> Nivek_Ogre
S.A._Smash -> Camu_Tao
S.E.S._(band) -> Bada_(singer)
SENSATION_(music_project) -> Gary_Chaw
SMAP -> Masahiro_Nakai
SM_the_Ballad -> Yesung
SM_the_Ballad -> Zhang_Liyin
SONOIO -> Alessandro_Cortini
SR-71_(band) -> Mitch_Allan
SWV -> Coko
S_(South_Korean_band) -> Kangta
S_Club_7 -> Jo_O'Meara
S_Club_7 -> Paul_Cattermole
Sads_(band) -> Kiyoharu
Saltwater_Band -> Geoffrey_Gurrumul_Yunupingu
Sambrasa_Trio -> Hermeto_Pascoal
Santana_(band) -> Carlos_Santana
Santana_(band) -> Neal_Schon
Saosin -> Anthony_Green_(musician)
Sarke -> Nocturno_Culto
Sasha,_Benny_y_Erik -> Benny_Ibarra
Satellite_Party -> Perry_Farrell
Savoy_(band) -> Paul_Waaktaar-Savoy
Scandal_(American_band) -> Patty_Smyth
Scandroid -> Klayton
Scarling. -> Christian_Hejnal
Scarling. -> Jessicka
Scars_on_Broadway -> Daron_Malakian
Science_Faxtion -> Bootsy_Collins
Scissor_Sisters -> Ana_Matronic
Scissor_Sisters -> Jake_Shears
Scream_(band) -> Peter_Stahl
Screeching_Weasel -> Ben_Weasel
Scum_(band) -> Casey_Chaos
Scum_of_the_Earth_(band) -> Mike_Riggs
Sebadoh -> Lou_Barlow
Secret_Society_(band) -> Necro_(rapper)
See-Saw -> Chiaki_Ishikawa
Serafin_(band) -> Christian_Smith-Pancorvo
Serebro -> Olga_Seryabkina
Serpentine_Dominion -> Adam_Dutkiewicz
Serú_Girán -> Charly_García
Sevendust -> Clint_Lowery
Shankar–Ehsaan–Loy -> Ehsaan_Noorani
She_&_Him -> M._Ward
Sherwood_(band) -> Nate_Henry
Shinhwa -> Eric_Mun
Shinhwa -> Jun_Jin
Shinhwa -> Lee_Min-woo
Shining_(Swedish_band) -> Niklas_Kvarforth
Shiny_Toy_Guns -> Carah_Faye_Charnow
Shiny_Toy_Guns -> Gregori_Chad_Petree
Sigur_Rós -> Jónsi
Silence_4 -> David_Fonseca
Silverchair -> Daniel_Johns
Simple_Plan -> Pierre_Bouvier
Simply_Red -> Mick_Hucknall
Sinsaenum -> Frédéric_Leclercq
Six_Feet_Under_(band) -> Chris_Barnes_(musician)
Sixpence_None_the_Richer -> Leigh_Nash
Sixx:A.M. -> Nikki_Sixx
Skara_Brae_(band) -> Dáithí_Sproule
Skara_Brae_(band) -> Maighread_Ní_Dhomhnaill
Skarhead -> Danny_Diablo
Skin_(Japanese_band) -> Gackt
Skin_(Japanese_band) -> Miyavi
Skindred -> Benji_Webbe
Skinny_Puppy -> Nivek_Ogre
Skitliv -> Niklas_Kvarforth
Skull_Gang -> Juelz_Santana
Sky_(Canadian_band) -> Karl_Wolf
Skylė -> Aistė_Smilgevičiūtė
Slaughterhouse_(group) -> Joe_Budden
Slaughterhouse_(group) -> Joell_Ortiz
Slipknot_(band) -> Chris_Fehn
Sloan_(band) -> Chris_Murphy_(Canadian_musician)
Slowdive -> Neil_Halstead
Slums_Attack -> Peja_(rapper)
Snap! -> Penny_Ford
Sneaky_Sound_System -> Connie_Mitchell
So_Solid_Crew -> Harvey_(MC)
Soilwork -> Björn_Strid
Solefald -> Lars_Nedland
Solution_.45 -> Christian_Älvestam
Something_Corporate -> Andrew_McMahon
Son_Volt -> Jay_Farrar
Sons_of_All_Pussys -> Ken_(musician)
Sons_of_Champlin -> Bill_Champlin
Soul_Coughing -> Mike_Doughty
Soulfly -> Max_Cavalera
Sound_City_Players -> Dave_Grohl
Soundgarden -> Chris_Cornell
Southern_All_Stars -> Keisuke_Kuwata
Southern_All_Stars -> Yuko_Hara
Sparta_(band) -> Keeley_Davis
Speed_(Japanese_band) -> Eriko_Imai
Speed_(Japanese_band) -> Hiroko_Shimabukuro
Speed_(Japanese_band) -> Hitoe_Arakaki
Speedway_(band) -> Dan_Gillespie_Sells
Spezializtz -> Harris_(rapper)
Spice_Girls -> Emma_Bunton
Spinnerette -> Brody_Dalle
Spirits_Burning -> Daevid_Allen
Squeeze_(band) -> Glenn_Tilbrook
St._Lunatics -> Murphy_Lee
Stala_&_SO. -> Nick_Gore
Star_One_(band) -> Arjen_Anthony_Lucassen
Star_One_(band) -> Dan_Swanö
Stardust_Five -> Paul_Kelly_(Australian_musician)
Stars_in_Stereo -> Becca_(musician)
State_Property_(band) -> Beanie_Sigel
State_Property_(band) -> Freeway_(rapper)
State_Property_(band) -> Peedi_Peedi
State_of_Conviction -> Jason_Popson
Steampacket -> Julie_Driscoll
Steampacket -> Long_John_Baldry
Steeleye_Span -> Maddy_Prior
Steely_Dan -> Donald_Fagen
Step_Brothers_(duo) -> Evidence_(musician)
Stereolab -> Lætitia_Sadier
String_Sisters -> Mairéad_Ní_Mhaonaigh
Styx_(band) -> James_Young_(American_musician)
Styx_(band) -> Lawrence_Gowan
Stórsveit_Nix_Noltes -> Kristín_Anna_Valtýsdóttir
Subtle_(band) -> Doseone
Subway_to_Sally -> Eric_Fish
Suede_(band) -> Neil_Codling
Sugarland -> Jennifer_Nettles
Suicidal_Tendencies -> Mike_Muir
Sukekiyo -> Kyo_(musician)
Sum_41 -> Dave_Baksh
Sum_41 -> Deryck_Whibley
Sunz_of_Man -> Killah_Priest
SuperHeavy -> A._R._Rahman
SuperHeavy -> Damian_Marley
SuperHeavy -> Joss_Stone
SuperHeavy -> Mick_Jagger
Super_Collider_(band) -> Jamie_Lidell
Super_Junior -> Cho_Kyuhyun
Super_Junior -> Kangin
Super_Junior -> Lee_Donghae
Super_Junior -> Yesung
Super_Junior-H -> Kangin
Super_Junior-H -> Yesung
Super_Junior-M -> Lee_Donghae
Super_Junior-T -> Kangin
Superheist -> Ezekiel_Ox
Superjoint_Ritual -> Phil_Anselmo
Susan_Sherouse -> Chris_Carrabba
Swan_Lake_(band) -> Dan_Bejar
Sweeney's_Men -> Andy_Irvine_(musician)
Sweet_Dreams_(1970s_band) -> Polly_Brown
Sweet_Honey_in_the_Rock -> Ysaye_Maria_Barnwell
Swollen_Members -> Madchild
Symfonia -> Andre_Matos
System_of_a_Down -> Daron_Malakian
T.A.T.u. -> Julia_Volkova
T.S.O.L. -> Jack_Grisham
TGT_(group) -> Ginuwine
T_with_the_Maggies -> Maighread_Ní_Dhomhnaill
T_with_the_Maggies -> Mairéad_Ní_Mhaonaigh
T_with_the_Maggies -> Moya_Brennan
Tackhead -> Little_Axe
Tarot_(band) -> Marco_Hietala
Techno_Animal -> Justin_Broadrick
Teen_Angels -> Lali_Espósito
Teeth_of_Lions_Rule_the_Divine -> Lee_Dorrian
Temple_of_the_Dog -> Chris_Cornell
Ten_(band) -> Gary_Hughes
Tenacious_D -> Kyle_Gass
Terrestrial_Tones -> Avey_Tare
Tesla_(band) -> Jeff_Keith
Tha_Dogg_Pound -> Daz_Dillinger
Tha_Dogg_Pound -> Kurupt
Tha_Dogg_Pound -> Nate_Dogg
The_77s -> Michael_Roe
The_Afghan_Whigs -> Greg_Dulli
The_Age_of_Information -> David_Hodges
The_Ailerons -> Dave_Rowntree
The_Alliance_(dancehall) -> Bounty_Killer
The_Amps -> Kim_Deal
The_Aquabats -> Christian_Jacobs
The_Arcs -> Dan_Auerbach
The_B-52's -> Cindy_Wilson
The_B-52's -> Kate_Pierson
The_Balham_Alligators -> Paul_Riley_(musician)
The_Basics -> Gotye
The_Beach_Boys -> Al_Jardine
The_Beach_Boys -> Brian_Wilson
The_Bears_(band) -> Adrian_Belew
The_Beat_(British_band) -> Dave_Wakeling
The_Bitter_Twins -> Anders_Lindström
The_Black_Eyed_Peas -> Apl.de.ap
The_Black_Eyed_Peas -> Fergie_(singer)
The_Black_Keys -> Dan_Auerbach
The_Blood_of_Heroes_(band) -> Justin_Broadrick
The_Blossoms -> Gloria_Jones
The_Blue_Note_7 -> Nicholas_Payton
The_Bomb_Squad -> Chuck_D
The_Boomtown_Rats -> Bob_Geldof
The_Both -> Aimee_Mann
The_Bottletop_Band -> Carl_Barât
The_Breeders -> Kelley_Deal
The_Breeders -> Kim_Deal
The_Brian_Jonestown_Massacre -> Anton_Newcombe
The_Bruce_Lee_Band -> Mike_Park
The_Cardigans -> Nina_Persson
The_Chavs -> Andy_Burrows
The_Chavs -> Carl_Barât
The_Civil_Wars -> Joy_Williams_(singer)
The_Clark_Sisters -> Karen_Clark_Sheard
The_Clutch -> Keri_Hilson
The_Common_Linnets -> Ilse_DeLange
The_Cranberries -> Dolores_O'Riordan
The_Crosswalk -> Cody_Chesnutt
The_Damned_(band) -> Captain_Sensible
The_Damning_Well -> Danny_Lohner
The_Dandy_Warhols -> Courtney_Taylor-Taylor
The_Dead_Weather -> Jack_Lawrence_(musician)
The_Dead_Weather -> Jack_White
The_Decemberists -> Colin_Meloy
The_Diplomats -> Cam'ron
The_Diplomats -> Freekey_Zekey
The_Diplomats -> Jim_Jones_(rapper)
The_Diplomats -> Juelz_Santana
The_Dissociatives -> Daniel_Johns
The_Dresden_Dolls -> Amanda_Palmer
The_Dukes_of_September -> Boz_Scaggs
The_Dukes_of_September -> Donald_Fagen
The_Dukes_of_September -> Michael_McDonald_(singer)
The_Early_November -> Ace_Enders
The_Easy_Hoes -> Art_Alexakis
The_Eden_House -> Jordan_Reyne
The_Elected -> Blake_Sennett
The_Empire_Shall_Fall -> Jesse_Leach
The_Evaporators -> Nardwuar_the_Human_Serviette
The_Evens -> Ian_MacKaye
The_Fall_(band) -> Mark_E._Smith
The_Feeling -> Dan_Gillespie_Sells
The_Firebird_Band -> Chris_Broach
The_Fixxers -> DJ_Quik
The_Flatlanders -> Jimmie_Dale_Gilmore
The_Flirtations_(R&B_musical_group) -> Pearly_Gates_(singer)
The_Foreign_Exchange -> Phonte
The_Four_Seasons_(band) -> Frankie_Valli
The_Frames -> Glen_Hansard
The_Fray -> Isaac_Slade
The_Fruit_Tree_Foundation -> Alasdair_Roberts_(musician)
The_Frustrators -> Mike_Dirnt
The_Gentle_Storm -> Anneke_van_Giersbergen
The_Gentle_Storm -> Arjen_Anthony_Lucassen
The_Ghost_and_the_Grace -> Daniel_Anderson_(musician)
The_Godfathers_(rap_duo) -> Kool_G_Rap
The_Godfathers_(rap_duo) -> Necro_(rapper)
The_Goldebriars -> Curt_Boettcher
The_Grace_(band) -> Dana_(South_Korean_singer)
The_Grand_Wizzards -> Black_Thought
The_Greenhornes -> Jack_Lawrence_(musician)
The_Greg_Kihn_Band -> Greg_Kihn
The_Halo_Method -> Ben_Moody
The_Halo_Method -> Lukas_Rossi
The_Heartbroken -> Damhnait_Doyle
The_Heavy_Circles -> Edie_Brickell
The_Herd_(Australian_band) -> Kenny_Sabir
The_Hives -> Pelle_Almqvist
The_Hooters -> Eric_Bazilian
The_Hotrats -> Gaz_Coombes
The_Hrsmn -> Canibus
The_Hrsmn -> Killah_Priest
The_Hrsmn -> Kurupt
The_Human_League -> Philip_Oakey
The_Humblebums -> Gerry_Rafferty
The_International_Swingers -> Glen_Matlock
The_Jackson_5 -> Jermaine_Jackson
The_Jackson_5 -> Marlon_Jackson
The_Jayhawks -> Gary_Louris
The_Jeevas -> Crispian_Mills
The_Jennifers -> Gaz_Coombes
The_Julie_Ruin -> Kathleen_Hanna
The_Killers -> Brandon_Flowers
The_Lana_Sisters -> Dusty_Springfield
The_Legendary_Pink_Dots -> Edward_Ka-Spel
The_Libertines -> Carl_Barât
The_Libertines -> John_Hassall_(musician)
The_Libertines -> Pete_Doherty
The_Lightning_Seeds -> Ian_Broudie
The_Little_Willies -> Norah_Jones
The_Lonely_Astronauts -> Joseph_Arthur
The_Louvin_Brothers -> Charlie_Louvin
The_Louvin_Brothers -> Ira_Louvin
The_LoveCrave -> Francesca_Chiara
The_Lovetones -> Matthew_J._Tow
The_Madden_Brothers -> Benji_Madden
The_Madden_Brothers -> Joel_Madden
The_Marbles_(duo) -> Graham_Bonnet
The_Mr._T_Experience -> Frank_Portman
The_Neptunes -> Pharrell_Williams
The_Neville_Brothers -> Ivan_Neville
The_New_Basement_Tapes -> Elvis_Costello
The_New_Pornographers -> Dan_Bejar
The_New_Pornographers -> Neko_Case
The_Night_Flight_Orchestra -> Björn_Strid
The_Nodding_Folk -> John_Balance
The_Offspring -> Dexter_Holland
The_Oktaves -> Ely_Buendia
The_Orchestra -> Glen_Burtnik
The_Osmonds -> Donny_Osmond
The_Osmonds -> Marie_Osmond
The_Panic_Channel -> Dave_Navarro
The_Perceptionists -> Mr._Lif
The_Pipettes -> Gwenno_Saunders
The_Pipettes -> Monster_Bobby
The_Postal_Service -> Ben_Gibbard
The_Pretenders -> Chrissie_Hynde
The_Procussions -> Mr._J._Medeiros
The_Prodigy -> Maxim_(musician)
The_Promise_Ring -> Davey_von_Bohlen
The_Raconteurs -> Brendan_Benson
The_Raconteurs -> Jack_Lawrence_(musician)
The_Raconteurs -> Jack_White
The_Rasmus -> Lauri_Ylönen
The_Regime_(group) -> Yukmouth
The_Reindeer_Section -> Aidan_Moffat
The_Reindeer_Section -> Malcolm_Middleton
The_Rides -> Kenny_Wayne_Shepherd
The_Righteous_Brothers -> Bill_Medley
The_Riot_Squad -> David_Bowie
The_Road_Hammers -> Jason_McCoy
The_Rolling_Stones -> Keith_Richards
The_Rolling_Stones -> Mick_Jagger
The_Roots -> Black_Thought
The_Script -> Danny_O'Donoghue
The_Seldom_Scene -> Dave_Navarro
The_Shadows -> Hank_Marvin
The_Shins -> James_Mercer_(musician)
The_Simms_Brothers_Band -> Frank_Simms
The_Simon_Sisters -> Carly_Simon
The_Slackers -> Glen_Pine
The_Smithereens -> Pat_DiNizio
The_Snakes_(band) -> Jørn_Lande
The_Soultronics -> Anthony_Hamilton_(musician)
The_Sound_of_Animals_Fighting -> Anthony_Green_(musician)
The_Sound_of_Animals_Fighting -> Craig_Owens
The_Springfields -> Dusty_Springfield
The_Starting_Line -> Kenny_Vasoli
The_SteelDrivers -> Gary_Nichols
The_Stone_Roses -> Ian_Brown
The_Stranglers -> Jean-Jacques_Burnel
The_Strokes -> Julian_Casablancas
The_Swell_Season -> Glen_Hansard
The_Swell_Season -> Markéta_Irglová
The_Swirling_Eddies -> Gene_Eugene
The_Teen_Idles -> Ian_MacKaye
The_Teenage_Kissers -> Nana_Kitade
The_Trevor_Horn_Band -> Lol_Creme
The_Trolls -> Iggy_Pop
The_Twilight_Singers -> Greg_Dulli
The_Uncluded -> Aesop_Rock
The_Uncluded -> Kimya_Dawson
The_Uncontrollable -> Blag_Dahlia
The_Uncontrollable -> Nick_Oliveri
The_Used -> Bert_McCracken
The_Weakerthans -> John_K._Samson
The_Weathermen_(hip_hop_group) -> Aesop_Rock
The_Weathermen_(hip_hop_group) -> Cage_(rapper)
The_Weathermen_(hip_hop_group) -> El-P
The_Weathermen_(hip_hop_group) -> Yak_Ballz
The_Who -> Pete_Townshend
The_Wilsons_(country_duo) -> Kortney_Wilson
The_Winery_Dogs -> Billy_Sheehan
The_Wombles_(band) -> Mike_Batt
The_Wonder_Who%3F -> Frankie_Valli
The_Young_Professionals -> Ivri_Lider
The_Young_Werewolves -> Nick_Falcon
The_Zombies -> Colin_Blunstone
Thee_Undatakerz -> Kool_Keith
Them_Crooked_Vultures -> Dave_Grohl
Them_Crooked_Vultures -> John_Paul_Jones_(musician)
Them_Crooked_Vultures -> Josh_Homme
Themselves -> Doseone
Theodore_Unit -> Ghostface_Killah
They_Might_Be_Giants -> John_Flansburgh
They_Might_Be_Giants -> John_Linnell
Third_Day -> Mac_Powell
Three_6_Mafia -> Crunchy_Black
Three_6_Mafia -> DJ_Paul
Three_6_Mafia -> Juicy_J
Three_Dog_Night -> Danny_Hutton
Thrice -> Dustin_Kensrue
Throwing_Muses -> Kristin_Hersh
Tilt_(band) -> Cinder_Block_(musician)
Time_Lapse_Consortium -> Mike_Einziger
Time_Requiem -> Göran_Edman
Times_of_Grace -> Adam_Dutkiewicz
Times_of_Grace -> Jesse_Leach
To_Live_and_Shave_in_L.A. -> Andrew_W.K.
Tocotronic -> Dirk_von_Lowtzow
Todos_Tus_Muertos -> Fidel_Nadal
Tokio_Hotel -> Bill_Kaulitz
Tomahawk_(band) -> Mike_Patton
Tombs_(band) -> Fade_Kainer
Tool_(band) -> Maynard_James_Keenan
Toy-Box -> Aneela_Mirza
Train_(band) -> Patrick_Monahan
Trainwreck_(band) -> Kyle_Gass
Transatlantic_(band) -> Neal_Morse
Transister -> Gary_Clark_(musician)
Treble_Charger -> Greig_Nori
Trelldom -> Gaahl
Trigger_Hippy -> Joan_Osborne
Trivium_(band) -> Matt_Heafy
True_Symphonic_Rockestra -> James_LaBrie
Tune_in_Tokyo_(band) -> Natalie_Gauci
Tuns_(band) -> Chris_Murphy_(Canadian_musician)
Twin_Forks_(band) -> Chris_Carrabba
Twisted_Sister -> Dee_Snider
Two-Star_Tabernacle -> Dan_John_Miller
Two-Star_Tabernacle -> Jack_White
U.S.D.A_(band) -> Young_Jeezy
U2 -> Bono
U96 -> Alex_Christensen
UGK -> Bun_B
UGK -> Pimp_C
UROBOROS_(Japanese_band) -> Aya_Kamiki
Ultrabeat -> Mike_Di_Scala
Ultramagnetic_MCs -> Kool_Keith
Ultravox -> Midge_Ure
Ulver -> Kristoffer_Rygg
Uncle_Jamm's_Army -> Egyptian_Lover
Uncle_Jamm's_Army -> Ice-T
Underoath -> Aaron_Gillespie
Undertow_(band) -> John_Pettibone
Union_Station_(band) -> Alison_Krauss
Unisonic_(band) -> Michael_Kiske
United_Forces -> Dan_Lilker
Uniting_Nations -> Daz_Sampson
Utopia_(American_band) -> Kasim_Sulton
V6_(band) -> Junichi_Okada
VCMG -> Martin_Gore
Vacationer_(band) -> Kenny_Vasoli
Vader_(band) -> Piotr_Wiwczarek
Valhall_(band) -> Fenriz
Vamps_(band) -> Hyde_(musician)
Van_Halen -> David_Lee_Roth
Van_Halen -> Eddie_Van_Halen
Van_der_Graaf_Generator -> Peter_Hammill
Vas_(band) -> Azam_Ali
Vatican_Commandos -> Moby
Vatreni_Poljubac -> Milić_Vukašinović
Vermont_(band) -> Davey_von_Bohlen
Versant_(band) -> Carah_Faye_Charnow
Veruca_Salt -> Nina_Gordon
Viper_(band) -> Andre_Matos
Virgin_(band) -> Doda_(singer)
Virus_(Norwegian_band) -> Carl-Michael_Eide
Vital_Signs_(band) -> Junaid_Jamshed
VoKee -> Ontronik_Khachaturian
Vodka_Collins -> Alan_Merrill
Voivod_(band) -> Denis_Bélanger
Von_Südenfed -> Mark_E._Smith
W-inds -> Keita_Tachibana
W.A.S.P. -> Blackie_Lawless
WWO -> Jędker
WaT -> Eiji_Wentz
Walking_Papers_(band) -> Duff_McKagan
War_Zone_(group) -> MC_Eiht
Wardruna -> Gaahl
Was_(Not_Was) -> Don_Was
Waterson–Carthy -> Eliza_Carthy
We_Are_the_Fallen -> Ben_Moody
We_Are_the_Fallen -> Carly_Smithson
We_Are_the_Fallen -> John_LeCompt
Wet_Wet_Wet -> Marti_Pellow
Wheatus -> Brendan_B._Brown
When_the_Cat's_Away_(band) -> Margaret_Urlich
Whitehorse_(band) -> Melissa_McClelland
Whitestarr -> Cisco_Adler
WigWam_(duo) -> Betty_Boo
Wilco -> Jeff_Tweedy
Willie_Isz -> Jneiro_Jarel
Willie_Isz -> Khujo
Wilson_Phillips -> Chynna_Phillips
Winger_(band) -> Kip_Winger
Wintersun -> Jari_Mäenpää
Wisemen_(rap_group) -> Bronze_Nazareth
Witch_(band) -> J_Mascis
Witherscape -> Dan_Swanö
Wolf_Parade -> Dan_Boeckner
Wolfsbane_(band) -> Blaze_Bayley
World_Classic_Rockers -> Fran_Cosmo
Wu-Elements -> Bronze_Nazareth
Wu-Tang_Clan -> Ghostface_Killah
Wu-Tang_Clan -> Inspectah_Deck
Wu-Tang_Clan -> Masta_Killa
Wu-Tang_Clan -> Method_Man
X-Pistols -> Daddy_X
X-Ray_Spex -> Poly_Styrene
XTRMST -> Davey_Havok
X_(American_band) -> Exene_Cervenka
X_(American_band) -> John_Doe_(musician)
X_Japan -> Heath_(musician)
Yeah_Yeah_Yeahs -> Karen_O
You+Me -> Pink_(singer)
Yukon_Kornelius -> Ed_Robertson
Zappa_Plays_Zappa -> Dweezil_Zappa
Zavalaz -> Cedric_Bixler-Zavala
Zeni_Geva -> KK_Null
Á_Móti_Sól -> Magni_Ásgeirsson
