'Til_Tuesday -> Aimee_Mann
+44_(band) -> Mark_Hoppus
10,000_Maniacs -> Natalie_Merchant
10,000_Maniacs -> Oskar_Saville
10_Minute_Warning -> Duff_McKagan
10cc -> Lol_Creme
116_Clique -> Flame_(rapper)
2-4_Family -> Jo_O'Meara
213_(group) -> Nate_Dogg
22-20s -> Charly_Coombes
22_Jacks -> C._J._Ramone
2_Live_Crew -> Luther_Campbell
2nd_Chapter_of_Acts -> Annie_Herring
3's_a_Crowd_(band) -> Bruce_Cockburn
38_Special_(band) -> Donnie_Van_Zant
3LW -> Adrienne_Bailon
3SL -> Andy_Scott-Lee
3X_Krazy -> Keak_da_Sneak
3_(American_band) -> Josh_Eppard
3nin_Matsuri -> Ai_Kago
3nin_Matsuri -> Aya_Matsuura
3rd_Bass -> MC_Serch
504_Boyz -> C-Murder
504_Boyz -> Magic_(rapper)
504_Boyz -> Master_P
504_Boyz -> Mystikal
58_(band) -> Nikki_Sixx
8_Eyed_Spy -> Lydia_Lunch
A-Teens -> Dhani_Lennevald
A-Teens -> Marie_Serneholt
ABBA -> Benny_Andersson
ABBA -> Björn_Ulvaeus
AC/DC -> Bon_Scott
AC/DC -> Brian_Johnson
A_Band_of_Angels -> Mike_d'Abo
A_Perfect_Circle -> Danny_Lohner
A_Perfect_Circle -> Paz_Lenchantin
A_Roman_Scandal_(band) -> Jason_Reece
A_Tribe_Called_Quest -> Phife_Dawg
Aa! -> Airi_Suzuki
Aa! -> Miyabi_Natsuyaki
Acacia_(band) -> Imogen_Heap
Ace_in_the_Hole_Band -> George_Strait
Ace_of_Base -> Linn_Berggren
Acid_Bath -> Dax_Riggs
Act_(band) -> Claudia_Brücken
Adagio_(band) -> Mats_Levén
Adam_Again -> Gene_Eugene
Adam_and_the_Ants -> Adam_Ant
Afro-Cuban_All_Stars -> Ibrahim_Ferrer
Aftershock_(band) -> Adam_Dutkiewicz
Agony_(band) -> Juanes
Alcatrazz -> Yngwie_Malmsteen
Alice_Cooper_(band) -> Alice_Cooper
Alice_N'_Chains -> Layne_Staley
Alice_in_Chains -> Layne_Staley
All-Stars_(band) -> Mick_Jagger
Almah_(band) -> Emppu_Vuorinen
Almanac_Singers -> Josh_White
Almanac_Singers -> Pete_Seeger
Almanac_Singers -> Woody_Guthrie
Altaria_(band) -> Emppu_Vuorinen
Ambasadori -> Zdravko_Čolić
Ambeon -> Arjen_Anthony_Lucassen
Ambrosia_(band) -> Bruce_Hornsby
Amen_Corner_(band) -> Andy_Fairweather_Low
Anarbor -> Dave_Melillo
Angel's_Breath -> Milan_Mladenović
Angels_&_Airwaves -> David_Kennedy_(musician)
Angkor_Wat_(band) -> Danny_Lohner
Angra_(band) -> Andre_Matos
Ani_Kyd -> Bif_Naked
Ani_Kyd -> Matthew_Good
Antemasque_(band) -> Flea_(musician)
Anthem_(band) -> Graham_Bonnet
Antiseen -> GG_Allin
Anúna -> Méav_Ní_Mhaolchatha
Apollonia_6 -> Apollonia_Kotero
Arch_Enemy -> Angela_Gossow
Arch_Enemy -> Christopher_Amott
Arena_Hash -> Pedro_Suárez-Vértiz
Argyle_Park -> Klayton
Ark_(Norwegian_band) -> Jørn_Lande
Arma_Angelus -> Patrick_Stump
Arma_Angelus -> Pete_Wentz
Armageddon_(British_band) -> Keith_Relf
Army_of_Lovers -> Camilla_Henemark
Army_of_Lovers -> Michaela_Dornonville_de_la_Cour
Army_of_the_Pharaohs -> Bahamadia
Arrows_(British_band) -> Alan_Merrill
Art_of_Noise -> Lol_Creme
Ash_(band) -> Charlotte_Hatherley
Asleep_at_the_Wheel -> Jann_Browne
Associates_(band) -> Billy_Mackenzie
Atban_Klann -> Apl.de.ap
Atomic_Kitten -> Jenny_Frost
Atomic_Mass_(band) -> Joe_Elliott
Atomic_Rooster -> Chris_Farlowe
Atrophia_Red_Sun -> Adrian_Kowanek
Audio_Adrenaline -> Kevin_Max
Audioslave -> Chris_Cornell
Auntie_Christ -> Exene_Cervenka
Automatic_Baby -> Michael_Stipe
Autopsy_(band) -> Dan_Lilker
Avian_(band) -> Lance_King
Awaz -> Faakhir_Mehmood
Axium -> David_Cook_(singer)
Azra -> Branimir_Štulić
B2K -> J-Boog
B2K -> Lil'_Fizz
B2K -> Omarion
Babylon_Zoo -> Jas_Mann
Babyshambles -> Adam_Ficek
Bad_Balance -> Ligalize
Bad_Brains -> Chuck_Mosley
Bad_Company -> Boz_Burrell
Bad_English -> Neal_Schon
Bad_Radio -> Eddie_Vedder
Badfinger -> Joey_Molland
Badfinger -> Pete_Ham
Badlands_(American_band) -> John_West_(musician)
Bajaga_i_Instruktori -> Dejan_Cukić
Balance_of_Power_(band) -> Lance_King
Bamboo_(band) -> Bamboo_Mañalac
Bananarama -> Jacquie_O'Sullivan
Band_of_Joy -> Patty_Griffin
Bandana_(pop_band) -> Ivonne_Guzmán
Banjo_Band -> Ivo_Pešák
Barefoot_Jerry -> Charlie_McCoy
Barnstorm_(band) -> Joe_Walsh
Basement_Birds -> Kavyen_Temperley
Basement_Birds -> Kevin_Mitchell_(musician)
Bauhaus_(band) -> Daniel_Ash
Bauhaus_(band) -> Peter_Murphy_(musician)
Bay_City_Rollers -> David_Paton
Bazooka_Joe_(band) -> Adam_Ant
Be-Bop_Deluxe -> Bill_Nelson_(musician)
Beastie_Boys -> Ad-Rock
Beastie_Boys -> Adam_Yauch
Beastie_Boys -> Mike_D
Beatlejuice -> Brad_Delp
Beauty_Queens -> Ana_Milenković
Beck,_Bogert_&_Appice -> Bobby_Tench
Belle_and_Sebastian -> Isobel_Campbell
Benediction_(band) -> Barney_Greenway
Bent_Sea -> Devin_Townsend
Berlins_Most_Wanted -> King_Orgasmus_One
Berryz_Kobo -> Chinami_Tokunaga
Berryz_Kobo -> Maasa_Sudo
Berryz_Kobo -> Miyabi_Natsuyaki
Berryz_Kobo -> Momoko_Tsugunaga
Berryz_Kobo -> Yurina_Kumai
Beyond_Twilight -> Jørn_Lande
Big_Brother_and_the_Holding_Company -> Janis_Joplin
Big_in_Japan_(band) -> Holly_Johnson
Big_in_Japan_(band) -> Ian_Broudie
Bijelo_Dugme -> Milić_Vukašinović
Bikini_Kill -> Kathleen_Hanna
Bill_Haley_&_His_Comets -> Bill_Haley
Bill_Nelson's_Red_Noise -> Bill_Nelson_(musician)
Billy_Thorpe_and_the_Aztecs -> Billy_Thorpe
Billy_Ward_and_his_Dominoes -> Clyde_McPhatter
Birtles_Shorrock_Goble -> Glenn_Shorrock
Black_Cards -> Pete_Wentz
Black_Cats_(band) -> Ebi
Black_Flag_(band) -> Henry_Rollins
Black_Light_Burns -> Danny_Lohner
Black_Sheep_(rock_band) -> Lou_Gramm
Black_Uhuru -> Don_Carlos_(musician)
Black_Uhuru -> Junior_Reid
Blake_Babies -> Juliana_Hatfield
Blestyashchiye -> Anna_Semenovich
Blind_Faith -> Eric_Clapton
Blind_Illusion -> Les_Claypool
Blog_27 -> Ala_Boratyn
Blood_Has_Been_Shed -> Howard_Jones_(American_musician)
Bloodbath -> Dan_Swanö
Bloodbath -> Mikael_Åkerfeldt
Bloodbath -> Peter_Tägtgren
Blue_Angel_(band) -> Cyndi_Lauper
Blue_Murder_(folk) -> Eliza_Carthy
Blue_Swede -> Björn_Skifs
Blues_Incorporated -> Alexis_Korner
Blues_Incorporated -> Graham_Bond
Blues_Incorporated -> Jack_Bruce
Blues_Incorporated -> Long_John_Baldry
Bluesology -> Elton_John
Bluesology -> Long_John_Baldry
Bob_Marley_and_the_Wailers -> Bob_Marley
Bob_Marley_and_the_Wailers -> Bunny_Wailer
Bob_Marley_and_the_Wailers -> Marcia_Griffiths
Bob_Marley_and_the_Wailers -> Peter_Tosh
Bobby_and_the_Midnites -> Bob_Weir
Bobby_and_the_Midnites -> Brent_Mydland
Bodega_(Canadian_band) -> Feist_(singer)
Bodine_(band) -> Arjen_Anthony_Lucassen
Body_Head_Bangerz -> Magic_(rapper)
Bonham_(band) -> Jason_Bonham
Boogie_Down_Productions -> KRS-One
Borknagar -> Kristoffer_Rygg
Boston_(band) -> Brad_Delp
Boston_(band) -> Fran_Cosmo
Bow_Wow_Wow -> Annabella_Lwin
Bow_Wow_Wow -> Boy_George
Box_Car_Racer -> David_Kennedy_(musician)
Boxer_(band) -> Bobby_Tench
Boxer_(band) -> Boz_Burrell
Boy_Howdy -> Jeffrey_Steele
Boyz_II_Men -> Marc_Nelson
Boyz_n_da_Hood -> Young_Jeezy
Brainville_(band) -> Daevid_Allen
Bravo_All_Stars -> Aaron_Carter
Bravo_All_Stars -> Brian_Littrell
Bravo_All_Stars -> Chris_Kirkpatrick
Bravo_All_Stars -> Glenn_Frey
Bravo_All_Stars -> JC_Chasez
Bravo_All_Stars -> Joey_Fatone
Bravo_All_Stars -> Justin_Timberlake
Bravo_All_Stars -> Lance_Bass
Bravo_All_Stars -> Nick_Carter_(musician)
Brazen_Abbot -> Glenn_Hughes
Brazen_Abbot -> Jørn_Lande
Brett_Marvin_and_the_Thunderbolts -> Jona_Lewie
Brewers_Droop -> Mark_Knopfler
Brides_of_Destruction -> Nikki_Sixx
Broder_Daniel -> Håkan_Hellström
Brooks_(band) -> Limahl
Brownstone_(group) -> Kina_(musician)
Brutal_Truth -> Dan_Lilker
Buena_Vista_Social_Club -> Ibrahim_Ferrer
Buffalo_Springfield -> Neil_Young
Bulevar_(band) -> Dejan_Cukić
Bury_Your_Dead -> Michael_Crafter
Buzzcocks -> Howard_Devoto
By_Divine_Right -> Brian_Borcherdt
Cadaver_(band) -> Carl-Michael_Eide
Caedmon's_Call -> Derek_Webb
California_Breed -> Glenn_Hughes
California_Breed -> Jason_Bonham
California_Music -> Brian_Wilson
California_Music -> Curt_Boettcher
Camel_(band) -> David_Paton
Can_(band) -> Damo_Suzuki
Candlemass -> Messiah_Marcolin
Cannibal_Corpse -> Chris_Barnes_(musician)
Cap'n_Jazz -> Davey_von_Bohlen
Captain_Jack_(band) -> Franky_Gee
Captain_Jack_(band) -> Maloy_Lozanes
Carnivore_(band) -> Peter_Steele
Carpathian_(band) -> Michael_Crafter
Carpathian_Forest -> Lars_Nedland
Carpe_Tenebrum -> Astennu_(musician)
Carter_Family -> A._P._Carter
Carter_Family -> Helen_Carter
Carter_Family -> June_Carter_Cash
Cash_Money_Millionaires -> Juvenile_(rapper)
Cash_Money_Millionaires -> Mannie_Fresh
Cathedral_(band) -> Lee_Dorrian
Celtic_Woman -> Chloë_Agnew
Celtic_Woman -> Deirdre_Shannon
Celtic_Woman -> Hayley_Westenra
Celtic_Woman -> Méav_Ní_Mhaolchatha
Celtic_Woman -> Órla_Fallon
Center_for_Disease_Control_Boys -> Chris_Cornell
Ceremonial_Oath -> Anders_Fridén
Chakra_(band) -> Hwangbo
Change_(band) -> Luther_Vandross
Chantelle_(band) -> Olga_Tañón
Charles_Bronson_(band) -> Mark_McCoy
Chatterbox_(band) -> Klayton
Checkicco -> Mikuni_Shimokawa
Chelsea_(American_band) -> Peter_Criss
Chelsea_(band) -> Billy_Idol
Chicago_(band) -> Bill_Champlin
Chicago_(band) -> Peter_Cetera
Child_Rebel_Soldier -> Lupe_Fiasco
Child_Rebel_Soldier -> Pharrell_Williams
Children_of_the_Anachronistic_Dynasty -> Maynard_James_Keenan
Chocolate_Overdose -> Magnet_(musician)
Christian_Death -> Casey_Chaos
Cinema_(band) -> Chris_Squire
City_(Comma)_State -> Joanna_Pacitti
City_(Comma)_State -> Mark_Hoppus
Clamtones -> Jeffrey_Frederick
Clannad -> Enya
Class_of_'99 -> Layne_Staley
Cloud2Ground -> Gregori_Chad_Petree
Clouddead -> Doseone
Clover_(band) -> Huey_Lewis
Clues_(band) -> Alden_Penner
Cocteau_Twins -> Elizabeth_Fraser
Coil_(band) -> John_Balance
Collective_Consciousness_Society -> Alexis_Korner
Collective_Soul -> Joel_Kosche
Commander_Venus -> Conor_Oberst
Company_Flow -> Bigg_Jus
Company_Flow -> El-P
Company_of_Strangers_(band) -> Daryl_Braithwaite
Conspiracy_(band) -> Chris_Squire
Cool_(band) -> Yoo_Chae-yeong
Cosmic_Slop_Shop -> Big_Lurch
Country_Joe_and_the_Fish -> Country_Joe_McDonald
Country_Musume -> Asami_Kimura
Country_Musume -> Miki_Fujimoto
Coverdale•Page -> Jimmy_Page
Cracker_(band) -> David_Lovering
Crash_Test_Dummies -> Son_of_Dave
Crass -> Penny_Rimbaud
Crazy_Horse_(band) -> Nils_Lofgren
Cream_(band) -> Eric_Clapton
Cream_(band) -> Jack_Bruce
Creedence_Clearwater_Revival -> John_Fogerty
Crime_Mob -> Diamond_(rapper)
Crucial_Three -> Pete_Wylie
Cryptacize -> Nedelle_Torrisi
Crystal_Castles_(band) -> Alice_Glass
Cub_(band) -> Neko_Case
Current_93 -> Douglas_P.
Cute_(Japanese_idol_group) -> Erika_Umeda
Cute_(Japanese_idol_group) -> Kanna_Arihara
Cute_Is_What_We_Aim_For -> Dave_Melillo
Cybernauts -> Joe_Elliott
D&D_(band) -> Olivia_Lufkin
D12 -> Mr._Porter
D4L -> Fabo
DJ_Jazzy_Jeff_&_The_Fresh_Prince -> DJ_Jazzy_Jeff
Dain_Bramage -> Dave_Grohl
Daisy_Chainsaw -> KatieJane_Garside
Dalis_Car -> Peter_Murphy_(musician)
Daltoni -> Goce_Nikolovski
Dangerous_Toys -> Kevin_Fowler
Danity_Kane -> Aubrey_O'Day
Danity_Kane -> D._Woods
Danny_Wilson_(band) -> Gary_Clark_(musician)
Danú -> Muireann_Nic_Amhlaoibh
Dark_Lotus -> Anybody_Killa
Dark_New_Day -> Clint_Lowery
Dark_Tranquillity -> Anders_Fridén
Daylight_Division -> Lukas_Rossi
DeBarge -> Bobby_DeBarge
DeBarge -> El_DeBarge
De_Dannan -> Andy_Irvine_(musician)
De_Facto_(band) -> Cedric_Bixler-Zavala
Dead_Artist_Syndrome -> Michael_Roe
Dead_Disco -> Little_Boots
Dead_Fucking_Last -> Ad-Rock
Dead_Fucking_Last -> Mike_D
Dead_Kennedys -> Jello_Biafra
Dead_by_Sunrise -> Chester_Bennington
Dead_or_Alive_(band) -> Pete_Burns
Deadboy_&_the_Elephantmen -> Dax_Riggs
Deal's_Gone_Bad -> Mike_Park
Death_Cab_for_Cutie -> Chris_Walla
Death_Threat_(hip_hop_group) -> Gloc-9
Decapitated_(band) -> Adrian_Kowanek
Dee_Dee_Ramone_and_the_Chinese_Dragons -> Dee_Dee_Ramone
Deee-Lite -> Lady_Miss_Kier
Deep_Purple -> Glenn_Hughes
Deep_Wound -> J_Mascis
Deep_Wound -> Lou_Barlow
Def.Diva -> Aya_Matsuura
Def.Diva -> Maki_Goto
Def.Diva -> Natsumi_Abe
Def_Squad -> Jamal_(rapper)
Delaney_&_Bonnie -> Dave_Mason
Delaney_&_Bonnie -> Eric_Clapton
Delaney_&_Bonnie -> George_Harrison
Delaney_&_Bonnie -> Gram_Parsons
Delaney_&_Bonnie -> Gregg_Allman
Delaney_&_Bonnie -> King_Curtis
Delaney_&_Bonnie -> Leon_Russell
Den_Saakaldte -> Niklas_Kvarforth
Denali_(band) -> Keeley_Davis
Denali_(band) -> Maura_Davis
Derek_and_the_Dominos -> Dave_Mason
Derek_and_the_Dominos -> Eric_Clapton
Destiny's_Child -> Beyoncé
Destiny's_Child -> LaTavia_Roberson
Destiny's_Child -> LeToya_Luckett
Destiny's_Child -> Michelle_Williams_(singer)
Destroy_2 -> Yamantaka_Eye
Devil_Doll_(Slovenian_band) -> Mr._Doctor
Dickless -> Jana_McCall
Dillard_&_Clark -> Gene_Clark
Dirty_Pretty_Things_(band) -> Carl_Barât
Dirty_Projectors -> Larkin_Grimm
Disney_Channel_Circle_of_Stars -> A.J._Trauth
Dissection_(band) -> Jon_Nödtveidt
Divinyls -> Chrissy_Amphlett
Doctor_Father -> Lol_Creme
Doggy_Style_(band) -> Daddy_X
Dolchamar -> Leena_Peisa
Domino_Kirke -> Jordan_Galland
Downfall_(band) -> Dave_Mello
Dr._Sin -> Michael_Vescera
Dream_Street -> Gregory_Raposo
Dream_Street -> Matt_Ballinger
Dream_Theater -> Kevin_Moore
Drowning_Pool -> Jason_Jones_(singer)
Dru_Hill -> Woody_Rock
Dunaj_(band) -> Iva_Bittová
Dué_le_Quartz -> Miyavi
Dødheimsgard -> Carl-Michael_Eide
Dødheimsgard -> Fenriz
Dʼ_Boys -> Peđa_D'Boy
ELO_Part_II -> Kelly_Groucutt
Eagles_(band) -> Don_Henley
Eagles_(band) -> Glenn_Frey
Eagles_(band) -> Joe_Walsh
Earth_(American_band) -> Karl_Blau
Earth_Opera -> Peter_Rowan
East_17 -> Brian_Harvey
Echobrain -> Jason_Newsted
Edge_of_Sanity -> Dan_Swanö
Ekhymosis -> Juanes
El_Canto_del_Loco -> Dani_Martín
Electra_(band) -> John_Rocca
Electronic_(band) -> Bernard_Sumner
Electronic_(band) -> Johnny_Marr
Elegies_(group) -> Ai_Takahashi
Elegies_(group) -> Ayumi_Shibata
Elmer_Gantry's_Velvet_Opera -> John_Ford_(musician)
Elsewhere_(band) -> Kate_Miller-Heidke
Embrace_(American_band) -> Ian_MacKaye
Emerson,_Lake_&_Palmer -> Greg_Lake
Emerson,_Lake_&_Powell -> Greg_Lake
Empire_(band) -> Lance_King
Engine_Down -> Keeley_Davis
England_Dan_&_John_Ford_Coley -> Dan_Seals
Enigma_(musical_project) -> Jens_Gad
Ensiferum -> Jari_Mäenpää
Enter_the_Haggis -> Owen_Pallett
Enzso -> Margaret_Urlich
Enzso -> Neil_Finn
Episode_Six -> Ian_Gillan
Eric_Clapton_and_the_Powerhouse -> Eric_Clapton
Eric_Clapton_and_the_Powerhouse -> Jack_Bruce
Erreway -> Benjamín_Rojas
Eternal_(band) -> Kéllé_Bryan
Eternal_(band) -> Louise_Redknapp
Evanescence -> Ben_Moody
Evanescence -> David_Hodges
Evanescence -> John_LeCompt
Expensive_Taste -> Paul_Wall
Explorers_Club_(band) -> Billy_Sheehan
Explorers_Club_(band) -> James_LaBrie
Explorers_Club_(band) -> John_Petrucci
FM_(Canadian_band) -> Nash_the_Slash
Fabulous_Disaster_(band) -> Cinder_Block_(musician)
Facemob -> Devin_the_Dude
Faces_(band) -> Glen_Matlock
Faces_(band) -> Mick_Hucknall
Fair_Weather -> Andy_Fairweather_Low
Fairground_Attraction -> Eddi_Reader
Fake%3F -> Inoran
Fall_of_Because -> Justin_Broadrick
Fallout_(heavy_metal_band) -> Peter_Steele
Fania_All-Stars -> Héctor_Lavoe
Far_(band) -> Jonah_Matranga
Farside_(band) -> Zack_de_la_Rocha
Fastbacks -> Duff_McKagan
Fats_Comet -> Little_Axe
Fear_(band) -> Flea_(musician)
Fecal_Matter_(band) -> Buzz_Osborne
Fecal_Matter_(band) -> Kurt_Cobain
FictionJunction -> Aira_Yuhki
Film_School_(band) -> Nyles_Lannon
First_National_Band -> Michael_Nesmith
Fleetwood_Mac -> Dave_Mason
Flotsam_and_Jetsam_(band) -> Jason_Newsted
Flyleaf_(band) -> Lacey_Sturm
Foggy_Mountain_Boys -> Lester_Flatt
Foje -> Andrius_Mamontovas
Fool's_Gold_(band) -> Érica_García
Four_Lovers -> Frankie_Valli
Four_Tops -> Levi_Stubbs
Fraternity_(band) -> Bon_Scott
Freak_of_Nature_(band) -> Mike_Tramp
Fredericks_Goldman_Jones -> Jean-Jacques_Goldman
Freeez -> John_Rocca
Frehley's_Comet -> Ace_Frehley
Freundeskreis -> Max_Herre
Frou_Frou_(band) -> Imogen_Heap
Fugees -> Lauryn_Hill
Fugees -> Pras
Fugees -> Wyclef_Jean
Fun_Boy_Three -> Neville_Staple
Funkadelic -> Cordell_Mosson
Funkadelic -> George_Clinton_(musician)
Furthur_(band) -> Bob_Weir
G-Unit -> The_Game_(rapper)
GAM_(group) -> Aya_Matsuura
GAM_(group) -> Miki_Fujimoto
GZR -> Burton_C._Bell
Gang_Starr -> Guru_(rapper)
Gang_of_Four_(band) -> Jon_King
Garden_Wall_(band) -> Peter_Gabriel
General_Public -> Dave_Wakeling
Generation_X_(band) -> Billy_Idol
Genesis_(band) -> Anthony_Phillips
Genesis_(band) -> Peter_Gabriel
Geordie_(band) -> Brian_Johnson
Germs_(band) -> Darby_Crash
Gillan_(band) -> Bernie_Tormé
Gillan_(band) -> Ian_Gillan
Ginger_Baker's_Air_Force -> Chris_Wood_(rock_musician)
Ginger_Baker's_Air_Force -> Denny_Laine
Ginger_Baker's_Air_Force -> Graham_Bond
Girls_Aloud -> Nadine_Coyle
Give_Up_the_Ghost -> Frank_Iero
Gladys_Knight_&_the_Pips -> Gladys_Knight
Glenn_Miller_Orchestra_(1956–present) -> Hoagy_Carmichael
Gloriana_(band) -> Cheyenne_Kimball
Gnom -> Janove_Ottesen
Go_Ahead_(band) -> Bob_Weir
Go_Ahead_(band) -> Brent_Mydland
God_(British_band) -> Justin_Broadrick
Godley_&_Creme -> Lol_Creme
Gogmagog_(band) -> Paul_Di'Anno
Golden_Smog -> Jeff_Tweedy
Gomattō -> Aya_Matsuura
Gomattō -> Maki_Goto
Gomattō -> Miki_Fujimoto
Gonzalez_(band) -> Bobby_Tench
Goya_Dress -> Astrid_Williamson
Graham_Central_Station -> Larry_Graham
Grand_Funk_Railroad -> Mark_Farner
Grand_Slam_(band) -> Phil_Lynott
Grandmaster_Flash_and_the_Furious_Five -> Grandmaster_Flash
Grandmaster_Flash_and_the_Furious_Five -> Melle_Mel
Grant_Lee_Buffalo -> Grant-Lee_Phillips
Grateful_Dead -> Bob_Weir
Grateful_Dead -> Brent_Mydland
Grateful_Dead -> Donna_Jean_Godchaux
Grateful_Dead -> Jerry_Garcia
Gratitude_(band) -> Jonah_Matranga
Gravediggaz -> Anthony_Ian_Berkeley
Grinderman -> Nick_Cave
Guardians_4 -> Yurina_Kumai
Guster -> Joe_Pisapia
H.O.T._(band) -> Kangta
H.O.T._(band) -> Moon_Hee-joon
Half_Japanese -> Maureen_Tucker
Halo_Friendlies -> Ginger_Pooley
HammerFall -> Mikael_Stanne
Hanatarash -> Yamantaka_Eye
Hanson_(UK_band) -> Bobby_Tench
Hanzel_und_Gretyl -> Debbie_Harry
Hanzel_und_Gretyl -> Moby
Hapshash_and_the_Coloured_Coat -> Mike_Batt
Hardline_(band) -> Neal_Schon
Hardware_(band) -> Bootsy_Collins
Harlem_Hamfats -> Kansas_Joe_McCoy
Harmonia_(band) -> Mani_Neumeier
Harry_Crews_(band) -> Lydia_Lunch
Hassisen_Kone -> Ismo_Alanko
Hate_Eternal -> Jared_Anderson_(heavy_metal_musician)
Head_East -> John_Schlitt
Headphones_(band) -> David_Bazan
Heatmiser -> Elliott_Smith
Hefner_(band) -> Antony_Harding
Helloween -> Michael_Kiske
Hep_Stars -> Benny_Andersson
Herbs_(band) -> Joe_Walsh
Herman's_Hermits -> Peter_Noone
Hi-5_(Greek_band) -> Marlen_Angelidou
High-King -> Ai_Takahashi
High_and_Mighty_Color -> Mākii
Highway_101 -> Paulette_Carlson
Hillsong_United_(band) -> Brooke_Fraser
Hillsong_Worship -> Brooke_Fraser
Hillsong_Worship -> Darlene_Zschech
Him_Kerosene -> Kristofer_Åström
Hindu_Love_Gods_(band) -> Michael_Stipe
Hinoi_Team -> Asuka_Hinoi
Hit_Squad -> Jesse_West
Hole_(band) -> Courtney_Love
Hole_(band) -> Melissa_Auf_der_Maur
Hollywood_Rose -> Axl_Rose
Hollywood_Rose -> Izzy_Stradlin
Honey_Is_Cool -> Håkan_Hellström
Honey_Is_Cool -> Karin_Dreijer_Andersson
Honolulu_Mountain_Daffodils -> Adrian_Borland
Hot_Tuna -> Paul_Kantner
Hotlegs -> Lol_Creme
Hour_Glass_(band) -> Gregg_Allman
House_Guests -> Bootsy_Collins
Hovercraft_(band) -> Eddie_Vedder
Hudson_Ford -> John_Ford_(musician)
Hummingbird_(band) -> Bobby_Tench
Humpy_Bong -> Jonathan_Kelly
Hüsker_Dü -> Grant_Hart
I'm_Talking -> Kate_Ceberano
I.M.P -> Andre_Nickatina
INXS -> J.D._Fortune
INXS -> Michael_Hutchence
I_Killed_the_Prom_Queen -> Michael_Crafter
I_Threes -> Marcia_Griffiths
Ian_Gillan_Band -> Ian_Gillan
Ibex_(band) -> Freddie_Mercury
Ike_&_Tina_Turner -> Ike_Turner
Illegal_(group) -> Jamal_(rapper)
Immortal_(band) -> Olve_Eikemo
Impaled_Nazarene -> Alexi_Laiho
Impaled_Nazarene -> Marco_Hietala
Imperiet -> Joakim_Thåström
In_Flames -> Mikael_Stanne
Incognito_(band) -> Paul_Weller
Indexi -> Milić_Vukašinović
Innosense -> Britney_Spears
Inside_Out_(band) -> Zack_de_la_Rocha
Institute_(band) -> Gavin_Rossdale
International_Submarine_Band -> Gram_Parsons
Invisibl_Skratch_Piklz -> A-Trak
Isengard_(band) -> Fenriz
Ismo_Alanko_Säätiö -> Ismo_Alanko
J-Friends -> Junichi_Okada
J-Friends -> Koichi_Domoto
JAM_Project -> Ichirou_Mizuki
James_Gang -> Joe_Walsh
Jane's_Addiction -> Duff_McKagan
Jane's_Addiction -> Flea_(musician)
Janet_Robin -> Mark_Karan
Japan_(band) -> David_Sylvian
Jazz_Warriors -> Cleveland_Watkiss
Jefferson_Airplane -> Grace_Slick
Jefferson_Airplane -> Jorma_Kaukonen
Jefferson_Airplane -> Paul_Kantner
Jemimah_Puddleduck -> Mark_Karan
Jerry_Garcia_Acoustic_Band -> Jerry_Garcia
Jerry_Garcia_Band -> Jerry_Garcia
Jesus_Loves_You_(band) -> Boy_George
Jimmy_James_and_the_Blue_Flames -> Jimi_Hendrix
Jimsaku -> Akira_Jimbo
John's_Children -> Marc_Bolan
Johnny_Moped -> Captain_Sensible
Johnny_Moped -> Chrissie_Hynde
Jokers_Wild_(band) -> David_Gilmour
Jonas_Brothers -> Joe_Jonas
Jonas_Brothers -> Kevin_Jonas
Jonas_Brothers -> Nick_Jonas
Josh_Joplin_Group -> Josh_Joplin
Joy_Division -> Bernard_Sumner
Joy_Division -> Ian_Curtis
Judy_and_Mary -> Yuki_(singer)
Juice_Crew -> Big_Daddy_Kane
Juice_Crew -> Biz_Markie
Juice_Crew -> Kool_G_Rap
Juice_Crew -> MC_Shan
Juice_Crew -> Masta_Ace
Junior_M.A.F.I.A. -> Lil'_Kim
K2_(Kovač_sisters_duo) -> Aleksandra_Kovač
K2_(Kovač_sisters_duo) -> Kristina_Kovač
KAT-TUN -> Jin_Akanishi
KBC_Band -> Paul_Kantner
KMD -> DJ_Subroc
KMD -> MF_Doom
Kanjani_Eight -> Hiroki_Uchi
Katatonia -> Mikael_Åkerfeldt
Keats_(band) -> Colin_Blunstone
Keats_(band) -> David_Paton
Kemuri -> Mike_Park
Kenny_Rogers_and_The_First_Edition -> Kenny_Rogers
Kilburn_and_the_High_Roads -> Ian_Dury
Killswitch_Engage -> Howard_Jones_(American_musician)
Kind_of_Like_Spitting -> Ben_Gibbard
King_Crimson -> Adrian_Belew
King_Crimson -> Boz_Burrell
King_Crimson -> Greg_Lake
King_Crimson -> Peter_Sinfield
King_Giddra -> K_Dub_Shine
King_Giddra -> Zeebra
Kingfish_(band) -> Bob_Weir
Kings_of_Chaos_(band) -> Billy_Gibbons
Kings_of_Chaos_(band) -> Duff_McKagan
Kings_of_Chaos_(band) -> Glenn_Hughes
Kings_of_Chaos_(band) -> Joe_Elliott
Kings_of_Rhythm -> Ike_Turner
Kingyo_(group) -> Nao_Nagasawa
Kira_Pika -> Koharu_Kusumi
Kira_Pika -> Mai_Hagiwara
Kiss_(band) -> Ace_Frehley
Kiss_(band) -> Mark_St._John
Kiss_(band) -> Peter_Criss
Kjell_Roos_Band -> Kikki_Danielsson
Kommunizm_(band) -> Yegor_Letov
Kudai -> Pablo_Holman
Kudzu_Wish -> Adam_Thorn
Kumbia_All_Starz -> Chris_Pérez
Kyuss -> Josh_Homme
Kyuss -> Nick_Oliveri
L.A.P.D._(band) -> James_Shaffer
LSG_(band) -> Gerald_Levert
La_Coka_Nostra -> Everlast_(musician)
Lab_Report -> Lydia_Lunch
Ladysmith_Black_Mambazo -> Jabulani_Dubazana
Larrikin_Love -> Edward_Leeson
Lars_Frederiksen_and_the_Bastards -> Lars_Frederiksen
LeVert -> Gerald_Levert
Leather_Charm -> James_Hetfield
Leathermouth -> Frank_Iero
Leaves'_Eyes -> Liv_Kristine
Led_Zeppelin -> Jimmy_Page
Led_Zeppelin -> John_Paul_Jones_(musician)
Lee_Curtis_and_the_All-Stars -> Joe_Walsh
Legion_of_Mary_(band) -> Jerry_Garcia
Les_Claypool's_Fancy_Band -> Gabby_La_La
Les_Rita_Mitsouko -> Fred_Chichin
Liberty_X -> Michelle_Heaton
Liers_in_Wait -> Kristian_Wåhlin
Lilys -> Ariel_Pink
Lindisfarne_(band) -> Alan_Hull
Liquid_Blue -> BC_Jean
Liquid_Tension_Experiment -> John_Petrucci
List_of_Bad_Company_band_members -> Boz_Burrell
List_of_Black_Flag_band_members -> Henry_Rollins
List_of_Bob_Marley_and_the_Wailers_band_members -> Bob_Marley
List_of_Bob_Marley_and_the_Wailers_band_members -> Bunny_Wailer
List_of_Bob_Marley_and_the_Wailers_band_members -> Marcia_Griffiths
List_of_Bob_Marley_and_the_Wailers_band_members -> Peter_Tosh
List_of_Boston_band_members -> Brad_Delp
List_of_Boston_band_members -> Fran_Cosmo
List_of_Genesis_band_members -> Anthony_Phillips
List_of_Genesis_band_members -> Peter_Gabriel
List_of_Misfits_band_members -> Michale_Graves
List_of_Nightwish_band_members -> Anette_Olzon
List_of_Red_Hot_Chili_Peppers_band_members -> Dave_Navarro
List_of_Red_Hot_Chili_Peppers_band_members -> John_Frusciante
List_of_The_Allman_Brothers_Band_members -> Dickey_Betts
List_of_The_Allman_Brothers_Band_members -> Gregg_Allman
List_of_Toto_band_members -> Bobby_Kimball
List_of_the_Clash_band_members -> Joe_Strummer
Little_Brother_(group) -> 9th_Wonder
Little_Brother_(group) -> Phonte
Little_Caesar_and_the_Consuls -> Gene_MacLellan
Loaded_(band) -> Dave_Dederer
Lock_Up_(UK_band) -> Peter_Tägtgren
Locomotive_(band) -> Chris_Wood_(rock_musician)
Lone_Justice -> Maria_McKee
Lord_Kaos -> Astennu_(musician)
Lord_Vampyr's_Shadowsreign -> Alessandro_Nunziati
Lordi -> Erna_Siikavirta
Lordi -> Leena_Peisa
Lordi -> Nick_Gore
Los_Abuelos_de_la_Nada -> Andrés_Calamaro
Los_Bukis -> Marco_Antonio_Solís
Los_Cycos -> Mike_Muir
Los_Dregtones -> Cedric_Bixler-Zavala
Los_Prisioneros -> Jorge_González_(musician)
Los_Rodríguez -> Andrés_Calamaro
Lost_Dogs -> Gene_Eugene
Lostprophets -> Ian_Watkins_(Lostprophets)
Loudness_(band) -> Michael_Vescera
Love/Hate_(band) -> Chris_Van_Dahl
Love_and_Rockets_(band) -> Daniel_Ash
Low_Stars -> Jude_(singer)
Lunatic_(group) -> Booba
Luxuria_(band) -> Howard_Devoto
M2M_(band) -> Marion_Raven
MD.45 -> Dave_Mustaine
MHz_Legacy -> Camu_Tao
MYMP -> Nina_Girado
MYNT -> Kim_Sozzi
Machine_Gun_Fellatio -> Connie_Mitchell
Mad_Season_(band) -> Layne_Staley
Mad_Season_(band) -> Mark_Lanegan
Magazine_(band) -> Howard_Devoto
Magoo_(band) -> Chris_T-T
Malice_Mizer -> Gackt
Mammal_(band) -> Ezekiel_Ox
Manchild_(band) -> Babyface_(musician)
Mandalaband -> John_Lees_(musician)
Mandalaband -> Lol_Creme
Mandalaband -> Maddy_Prior
Mandalaband -> Paul_Young
Manfred_Mann -> Jack_Bruce
Manfred_Mann -> Mike_d'Abo
Mansun -> Paul_Draper_(musician)
Mantronix -> Bryce_Wilson
Mantronix -> Jade_Trini_Goring
Mantronix -> MC_Tee
Maow -> Neko_Case
Marcus_Hook_Roll_Band -> Angus_Young
Marillion -> Fish_(singer)
Marshall_Dyllon -> Gran_Bel_Fisher
Marvin,_Welch_&_Farrar -> Hank_Marvin
Masada_(band) -> John_Zorn
Masterplan_(band) -> Jørn_Lande
Masters_V -> J._D._Sumner
Material_(band) -> Daevid_Allen
Matthew_Good_Band -> Matthew_Good
Max_Q_(Australian_band) -> Michael_Hutchence
McCarthy_(band) -> Lætitia_Sadier
Melon_Kinenbi -> Ayumi_Shibata
Mentors_(band) -> Eldon_Hoke
Metallica -> Dave_Mustaine
Metallica -> Jason_Newsted
Miami_Sound_Machine -> Gloria_Estefan
MilkyWay -> Koharu_Kusumi
Milli_Vanilli -> Fab_Morvan
Million_Dead -> Frank_Turner
Mindrage -> John_LeCompt
Mindscar -> Matt_Heafy
Minimoni -> Ai_Kago
Minimoni -> Ai_Takahashi
Ministry_(band) -> Nivek_Ogre
Minor_Threat -> Ian_MacKaye
Misfits_(band) -> Glenn_Danzig
Misfits_(band) -> Michale_Graves
Moby_Dick_(band) -> Ana_Stanić
Modest_Mouse -> Johnny_Marr
Mono_Puff -> John_Flansburgh
Monrose -> Bahar_Kızıl
Morbid_Angel -> David_Vincent
Morbid_Angel -> Jared_Anderson_(heavy_metal_musician)
More_Fire_Crew -> Lethal_Bizzle
Morning_Musume -> Ai_Kago
Morning_Musume -> Ai_Takahashi
Morning_Musume -> Asuka_Fukuda
Morning_Musume -> Aya_Ishiguro
Morning_Musume -> Kaori_Iida
Morning_Musume -> Kei_Yasuda
Morning_Musume -> Koharu_Kusumi
Morning_Musume -> Maki_Goto
Morning_Musume -> Makoto_Ogawa
Morning_Musume -> Miki_Fujimoto
Morning_Musume -> Natsumi_Abe
Morning_Musume -> Yuko_Nakazawa
Morning_Musume_Otomegumi -> Kaori_Iida
Morning_Musume_Otomegumi -> Makoto_Ogawa
Morning_Musume_Otomegumi -> Miki_Fujimoto
Morning_Musume_Sakuragumi -> Ai_Kago
Morning_Musume_Sakuragumi -> Ai_Takahashi
Morning_Musume_Sakuragumi -> Natsumi_Abe
Morning_Musume_Tanjō_10nen_Kinentai -> Kaori_Iida
Morning_Musume_Tanjō_10nen_Kinentai -> Koharu_Kusumi
Morning_Musume_Tanjō_10nen_Kinentai -> Maki_Goto
Morning_Musume_Tanjō_10nen_Kinentai -> Natsumi_Abe
Moti_Special -> Michael_Cretu
Motörhead -> Eddie_Clarke
Motörhead -> Lemmy
Moğollar -> Barış_Manço
Mt._Helium -> Ontronik_Khachaturian
Mud_(band) -> Les_Gray
Muleskinner_(band) -> Peter_Rowan
My_Chemical_Romance -> Frank_Iero
My_Chemical_Romance -> Gerard_Way
My_Life_with_the_Thrill_Kill_Kult -> Lydia_Lunch
Mystery_(band) -> Benoît_David
Mytown -> Danny_O'Donoghue
Mötley_Crüe -> Nikki_Sixx
Múm -> Kristín_Anna_Valtýsdóttir
N-Toon -> Lloyd_(singer)
N.W.A -> Arabian_Prince
N.W.A -> DJ_Yella
N.W.A -> Dr._Dre
N.W.A -> Eazy-E
N.W.A -> MC_Ren
NKOTBSB -> Brian_Littrell
NKOTBSB -> Joey_McIntyre
NKOTBSB -> Jonathan_Knight
NKOTBSB -> Jordan_Knight
NKOTBSB -> Nick_Carter_(musician)
NSYNC -> Chris_Kirkpatrick
NSYNC -> JC_Chasez
NSYNC -> Joey_Fatone
NSYNC -> Justin_Timberlake
NSYNC -> Lance_Bass
Nailbomb -> Max_Cavalera
Naked_City_(band) -> John_Zorn
Natural_(band) -> Marc_Terenzi
Natural_(band) -> Michael_Johnson_(drummer)
Nazia_and_Zoheb -> Nazia_Hassan
Nefilim -> Carl_McCoy
Neo_(UK_band) -> Ian_North
Neposedy -> Julia_Volkova
Neptune_Towers -> Fenriz
Neurotic_Outsiders -> Billy_Idol
Neurotic_Outsiders -> Duff_McKagan
Neurotic_Outsiders -> John_Taylor_(bass_guitarist)
Neutral_Milk_Hotel -> Jeff_Mangum
New_Radicals -> Danielle_Brisebois
New_Radicals -> Gregg_Alexander
New_Riders_of_the_Purple_Sage -> Jerry_Garcia
New_York_Dolls -> Blackie_Lawless
News_(band) -> Hiroki_Uchi
News_(band) -> Hironori_Kusano
Nick_Cave_and_the_Bad_Seeds -> Blixa_Bargeld
Niggaz_on_tha_Run -> MC_Eiht
Nightfly_(band) -> Boz_Burrell
Nightmare_Cinema -> James_LaBrie
Nightmare_Cinema -> John_Petrucci
Nightnurse -> Charlotte_Hatherley
Nightwish -> Anette_Olzon
Nihilist_(band) -> Nicke_Andersson
Nirvana_(band) -> Dave_Grohl
Nirvana_(band) -> Kurt_Cobain
Nitty_Gritty_Dirt_Band -> Jackson_Browne
No_Angels -> Jessica_Wahls
No_For_An_Answer -> Zack_de_la_Rocha
Nobody_Special -> Gene_Eugene
Nochiura_Natsumi -> Aya_Matsuura
Nochiura_Natsumi -> Maki_Goto
Nochiura_Natsumi -> Natsumi_Abe
Noise_Addict -> Lou_Barlow
Noise_Addict -> Macromantics
Non_Phixion -> Ill_Bill
Nouvelle_Vague_(band) -> Camille_(singer)
Nova_(Italian_band) -> Phil_Collins
Nuclear_Death -> Laura_Bravo
O-Town -> Ashley_Parker_Angel
O-Zone -> Dan_Balan
OPM_(band) -> Big_B_(rapper)
October_Project -> Mary_Fahl
Old_Dogs -> Bobby_Bare
Old_Dogs -> Jerry_Reed
Old_Funeral -> Harald_Nævdal
Old_Funeral -> Olve_Eikemo
Old_and_in_the_Way -> Jerry_Garcia
Old_and_in_the_Way -> Peter_Rowan
Onetwo_(band) -> Claudia_Brücken
Operation:_Cliff_Clavin -> Chris_Clavin
Operation_Ivy_(band) -> Dave_Mello
Orange_Juice_(band) -> Edwyn_Collins
Original_Harmony_Ridge_Creekdippers -> David_Wolfenberger
Original_Harmony_Ridge_Creekdippers -> Gary_Louris
Original_Mirrors -> Ian_Broudie
Os_Mutantes -> Arnaldo_Baptista
Os_Mutantes -> Zélia_Duncan
Osmi_putnik -> Zlatan_Stipišić_Gibonni
Outlawz -> Hussein_Fatal
Outlawz -> Mopreme_Shakur
Outlawz -> Napoleon_(rapper)
Outsidaz -> Bizarre_(rapper)
Outsidaz -> Eminem
Oysterhead -> Les_Claypool
P._Mobil -> Joe_Rudán
Page_and_Plant -> Jimmy_Page
Pain_of_Salvation -> Kristoffer_Gildenlöw
Park_Ave. -> Conor_Oberst
Parliament_(band) -> Bootsy_Collins
Parliament_(band) -> Cordell_Mosson
Parliament_(band) -> George_Clinton_(musician)
Parliament_(band) -> Glenn_Goins
Patrick_Street -> Mícheál_Ó_Domhnaill
Peace_of_Mind_(band) -> KJ-52
Peech_Boys -> Bernard_Fowler
Peking_Man_(band) -> Margaret_Urlich
Pencey_Prep -> Frank_Iero
Pentangle_(band) -> John_Renbourn
Peter,_Paul_and_Mary -> Mary_Travers
Peter,_Paul_and_Mary -> Paul_Stookey
Petitmoni -> Kei_Yasuda
Petitmoni -> Mai_Hagiwara
Petitmoni -> Maki_Goto
Petitmoni -> Makoto_Ogawa
Petra_(band) -> David_Lichens
Ph.D._(band) -> Jim_Diamond_(singer)
Phatfish -> Lou_Fellingham
Picastro -> Owen_Pallett
Pickettywitch -> Polly_Brown
Pilgrim_Travelers -> Lou_Rawls
Pilot_(band) -> David_Paton
Pink_Floyd -> David_Gilmour
Pixies -> Kim_Deal
Pizzicato_Five -> Maki_Nomiya
Plainsong_(band) -> Iain_Matthews
Plantashun_Boiz -> Faze_(musician)
Planxty -> Andy_Irvine_(musician)
Plasmatics -> Jean_Beauvoir
Play_(group) -> Anaïs_Lameche
Player_(band) -> J.C._Crowley
Poison_Clan -> JT_Money
Pokolgép -> Joe_Rudán
Pop_Mašina -> Oliver_Mandić
Pop_Will_Eat_Itself -> Clint_Mansell
Porno_for_Pyros -> Perry_Farrell
Pozo-Seco_Singers -> Don_Williams
Praxis_(band) -> Bootsy_Collins
Precious_(band) -> Jenny_Frost
Pressure_Cooker_(band) -> Glen_Pine
Pride_and_Glory_(band) -> Zakk_Wylde
Primary_(band) -> Connie_Mitchell
Profili_Profili -> Milan_Mladenović
Prong_(band) -> Mike_Riggs
Propaganda_(band) -> Claudia_Brücken
Propagandhi -> John_K._Samson
Psychopathic_Rydas -> Esham
Public_Disturbance_(Welsh_band) -> Ian_Watkins_(Lostprophets)
Pulp_(band) -> Jarvis_Cocker
Purple_Ribbon_All-Stars -> Bubba_Sparxxx
Purple_Ribbon_All-Stars -> Fonzworth_Bentley
Pyramaze -> Lance_King
Pyramaze -> Matt_Barlow
QED_(band) -> Jenny_Morris_(musician)
Quarteto_Novo -> Hermeto_Pascoal
Quatermass_(band) -> Bernie_Tormé
Queen_(band) -> Freddie_Mercury
Queen_(band) -> John_Deacon
Queen_+_Paul_Rodgers -> Brian_May
Queens_of_the_Stone_Age -> Dave_Grohl
Queens_of_the_Stone_Age -> Mark_Lanegan
Queens_of_the_Stone_Age -> Nick_Oliveri
R.E.M. -> Michael_Stipe
R.o.r/s -> Masami_Okui
RBD -> Christopher_von_Uckermann
RBD -> Dulce_María
RTZ_(band) -> Brad_Delp
Racetraitor -> Pete_Wentz
Radnička_Kontrola -> Zoran_Kostić_(musician)
Raindancer -> Grant_Nicholas
Ramones -> C._J._Ramone
Ramones -> Dee_Dee_Ramone
Ramones -> Joey_Ramone
Rani_Mraz -> Bora_Đorđević
Rani_Mraz -> Đorđe_Balašević
Rapidfire -> Axl_Rose
Rare_Essence -> Meshell_Ndegeocello
RatDog -> Mark_Karan
Razorlight -> Andy_Burrows
Razorlight -> Christian_Smith-Pancorvo
Re-Flex -> Mark_King_(musician)
Reagan_Youth -> Dave_Rubinstein
Rebirth_Brass_Band -> Kermit_Ruffins
Reconstruction_(band) -> Jerry_Garcia
Red_Krayola -> David_Thomas_(musician)
Red_Lamb -> Dave_Mustaine
Refugee_Camp_All-Stars -> Pras
Reggie_and_the_Full_Effect -> Frank_Iero
Reggie_and_the_Full_Effect -> Paul_Gray_(American_musician)
Relativity_(band) -> Mícheál_Ó_Domhnaill
Renegades_(band) -> Grant_Nicholas
René_&_Angela -> Angela_Winbush
Reset_(Canadian_band) -> Pierre_Bouvier
Riblja_Čorba -> Momčilo_Bajagić
Ribspreader -> Dan_Swanö
Rich_Kids -> Glen_Matlock
Rich_Kids -> Midge_Ure
Rilo_Kiley -> Blake_Sennett
Rimtutituki -> Milan_Mladenović
Rimtutituki -> Zoran_Kostić_(musician)
Rip_Rig_+_Panic -> Neneh_Cherry
Riverdales -> Ben_Weasel
Rivermaya -> Bamboo_Mañalac
Road_Crew -> Duff_McKagan
Rob_&_Fab -> Fab_Morvan
Rock_Star_Supernova -> Jason_Newsted
Rock_Star_Supernova -> Lukas_Rossi
Rockmelons -> Peter_Blakeley
Rockpile -> Nick_Lowe
Rodriguez_(band) -> M._Ward
Rolabogan -> María_Fernanda_Neil
Roll_Deep -> Dizzee_Rascal
Rollins_Band -> Henry_Rollins
Roogalator_(band) -> Paul_Riley_(musician)
Rotary_Connection -> Minnie_Riperton
Roxy_Music -> Andy_Mackay
Roxy_Music -> Bryan_Ferry
Royal_Hunt -> John_West_(musician)
Rubella_Ballet -> Little_Annie
Runner_(band) -> Alan_Merrill
Runrig -> Donnie_Munro
Run–D.M.C. -> Darryl_McDaniels
Run–D.M.C. -> Jam_Master_Jay
Run–D.M.C. -> Joseph_Simmons
S5_(band) -> Benny_Dayal
SM_the_Ballad -> Cho_Kyuhyun
SS_Cardiacs -> Owen_Pallett
SXL_(band) -> L._Shankar
Sadistic_Mika_Band -> Kaela_Kimura
Sadistic_Mika_Band -> Yumi_Matsutoya
Sam_Gopal -> Lemmy
Samhain_(band) -> Glenn_Danzig
Satellite_(US_band) -> Mitch_Allan
Satyricon_(band) -> Carl-Michael_Eide
Satyricon_(band) -> Nocturno_Culto
Sausage_(band) -> Les_Claypool
Savage_Garden -> Darren_Hayes
Savage_Progress -> Andrew_Edge
Say_Anything_(band) -> Kenny_Vasoli
Scandal_(American_band) -> Kasim_Sulton
Scar_Symmetry -> Christian_Älvestam
Schnell_Fenster -> Phil_Judd
Schon_&_Hammer -> Glen_Burtnik
Schon_&_Hammer -> Neal_Schon
Schwarz_Stein -> Kaya_(Japanese_musician)
Scorn_(band) -> Justin_Broadrick
Scorn_(band) -> Nicholas_Bullen
Scream_(band) -> Dave_Grohl
Screaming_Trees -> Mark_Lanegan
Screeching_Weasel -> Mike_Dirnt
Seatrain_(band) -> Peter_Rowan
Second_Layer -> Adrian_Borland
SeeYa -> Nam_Gyu-ri
Seemless -> Jesse_Leach
Selena_y_Los_Dinos -> A.B._Quintanilla
Selena_y_Los_Dinos -> Chris_Pérez
Seo_Taiji_and_Boys -> Yang_Hyun-suk
Sepultura -> Max_Cavalera
Serebro -> Elena_Temnikova
Serenata_Guayanesa -> Hernán_Gamboa
Sex_Pistols -> Glen_Matlock
Sexart -> Jonathan_Davis
Shadow_Gallery -> Mike_Baker_(singer)
Shadow_King_(band) -> Lou_Gramm
Shadows_Fall -> Philip_Labonte
Shakespears_Sister -> Marcella_Detroit
Shaman_(band) -> Andre_Matos
Shaye -> Damhnait_Doyle
Sherbet_(band) -> Daryl_Braithwaite
Shillelagh_Sisters -> Jacquie_O'Sullivan
Shotgun_&_Jaybird -> Julie_Doiron
Side_Effect -> Helen_Baylor
Sieges_Even -> Andre_Matos
Sielun_Veljet -> Ismo_Alanko
Silent_Force -> D._C._Cooper
Silicon_Teens -> Fad_Gadget
Silly_Wizard -> Dougie_MacLean
Silver_Jews -> J._D._Wilkes
Silver_Jews -> Paz_Lenchantin
Simon_&_Garfunkel -> Art_Garfunkel
Simon_&_Garfunkel -> Paul_Simon
Sinergy -> Alexi_Laiho
Sinergy -> Marco_Hietala
Sirenia_(band) -> Ailyn
Sirens_(British_band) -> Michelle_Heaton
Sister_(band) -> Blackie_Lawless
Sister_(band) -> Nikki_Sixx
Sisters_of_Glory -> Phoebe_Snow
Six_(band) -> Nadine_Coyle
Skara_Brae_(band) -> Mícheál_Ó_Domhnaill
Skid_Row_(Irish_band) -> Gary_Moore
Skid_Row_(Irish_band) -> Phil_Lynott
Skrew -> Danny_Lohner
Skrewdriver -> Ian_Stuart_Donaldson
Skyhooks_(band) -> Graeme_Strachan
Slam_Creepers -> Björn_Skifs
Slaughter_(Canadian_band) -> Chuck_Schuldiner
Sleeper_(band) -> Louise_Wener
Slipknot_(band) -> Paul_Gray_(American_musician)
Slum_Village -> J_Dilla
Sly_and_the_Family_Stone -> Larry_Graham
Smash_Mouth -> Leroy_(musician)
Smile_(band) -> Brian_May
Smokey_&_Miho -> Miho_Hatori
Smokie_(band) -> Chris_Norman
Sneaker_Pimps -> Kelli_Ali
Sneeze_(band) -> Evan_Dando
Sniper_(American_band) -> Joey_Ramone
Snot_(band) -> Lynn_Strait
Soda_Stereo -> Gustavo_Cerati
Solid_HarmoniE -> Jenilca_Giusti
Son_of_Sam_(band) -> Davey_Havok
Sonny_&_Cher -> Cher
Sons_of_the_Pioneers -> Bob_Nolan
Soopa_Villainz -> Esham
Soopa_Villainz -> Shaggy_2_Dope
Soopa_Villainz -> Violent_J
Soul_II_Soul -> Penny_Ford
Soul_Intent_(group) -> Eminem
Soul_SirkUS -> Neal_Schon
Soulquarians -> Common_(rapper)
Soulquarians -> J_Dilla
Souls_(band) -> Ayub_Bachchu
Sour_Milk_Sea_(band) -> Freddie_Mercury
SouthGang -> Butch_Walker
Southern_Death_Cult -> Aki_Nawaz
Southern_Isolation -> Phil_Anselmo
Spastik_Children -> James_Hetfield
Spastik_Children -> Jason_Newsted
Spice_(British_band) -> Ken_Hensley
Spin_Doctors -> Ivan_Neville
Split_Enz -> Neil_Finn
Split_Enz -> Phil_Judd
Spock's_Beard -> Neal_Morse
Square_One_(band) -> Alison_Hinds
Squirrel_Nut_Zippers -> Andrew_Bird
Star_Band -> Youssou_N'Dour
Starflyer_59 -> Gene_Eugene
Starship_(band) -> Grace_Slick
Stealers_Wheel -> Gerry_Rafferty
Steel_Mill -> Bruce_Springsteen
Steeler_(American_band) -> Yngwie_Malmsteen
Steely_Dan -> Michael_McDonald_(singer)
Step_Forward -> Dennis_Lyxzén
Stephen_Kellogg_and_the_Sixers -> Kyle_Riabko
Steps_(group) -> Faye_Tozer
Steps_(group) -> Lee_Latchford-Evans
Steps_(group) -> Lisa_Scott-Lee
Steve_Miller_Band -> Boz_Scaggs
Stone_Poneys -> Linda_Ronstadt
Stone_Temple_Pilots -> Chester_Bennington
Stonefunkers -> Papa_Dee
Storm_(Norwegian_band) -> Fenriz
Storm_Corrosion -> Mikael_Åkerfeldt
Stormtroopers_of_Death -> Dan_Lilker
Strange_Parcels -> Little_Axe
Strapping_Young_Lad -> Devin_Townsend
Straylight_Run -> Michelle_DaRosa
Stream_of_Passion -> Arjen_Anthony_Lucassen
Styx_(band) -> Dennis_DeYoung
Styx_(band) -> Glen_Burtnik
Sublime_(band) -> Bradley_Nowell
Suburban_Reptiles -> Phil_Judd
Sugababes -> Mutya_Buena
Sugar_Babydoll -> Courtney_Love
Sugar_Babydoll -> Kat_Bjelland
Suite_Chic -> Namie_Amuro
Sun-60 -> Dave_Navarro
Sun_Red_Sun -> John_West_(musician)
Suncokret -> Bilja_Krstić
Suncokret -> Bora_Đorđević
Sunny_Day_Real_Estate -> Jeremy_Enigk
Super_Monkey's -> Namie_Amuro
Superdrag -> John_Davis_(singer-songwriter)
Supergrass -> Gaz_Coombes
Superjoint_Ritual -> Hank_Williams_III
Sureshot_(band) -> Chris_Kirkpatrick
Survivor_(band) -> Dave_Bickler
Sweeney_Todd_(band) -> Bryan_Adams
Sweetbox -> Jade_Villalon
Switch_(band) -> Bobby_DeBarge
System_of_a_Down -> Ontronik_Khachaturian
Sällskapet_(band) -> Joakim_Thåström
T-Slam -> Danni_Bassan
T-Slam -> Izhar_Ashdot
T._Rex_(band) -> Gloria_Jones
T._Rex_(band) -> Marc_Bolan
TKA -> La_India
TLC_(group) -> Lisa_Lopes
TRU_(band) -> C-Murder
TRU_(band) -> Master_P
Tackhead -> Bernard_Fowler
Taintstick -> Benji_Madden
Tait_(band) -> Michael_Tait
Take_6 -> Mervyn_Warren
Taking_Back_Sunday -> Jesse_Lacey
Talking_Heads -> David_Byrne
Tanpopo -> Ai_Kago
Tanpopo -> Aya_Ishiguro
Tanpopo -> Ayumi_Shibata
Tanpopo -> Kaori_Iida
Tanpopo -> Yurina_Kumai
Tanzplagen -> Michael_Stipe
Tap_011 -> Ivana_Peters
Tarkio_(band) -> Colin_Meloy
Tattle_Tale -> Madigan_Shive
Taï_Phong -> Jean-Jacques_Goldman
Teenage_Jesus_and_the_Jerks -> James_Chance
Teenage_Jesus_and_the_Jerks -> Lydia_Lunch
Teenager_(band) -> Ladyhawke_(musician)
Ten_Wheel_Drive -> Genya_Ravan
Terrible_Things -> Josh_Eppard
Terror_Squad_(group) -> Big_Pun
Terror_Squad_(group) -> Cuban_Link
Terror_Squad_(group) -> Fat_Joe
Terrorizer -> David_Vincent
Terry_Knight_and_the_Pack -> Mark_Farner
Texas_Tornados -> Freddy_Fender
Tha'_Rayne -> Yummy_Bingham
The_(International)_Noise_Conspiracy -> Dennis_Lyxzén
The_101ers -> Joe_Strummer
The_Aces_(blues_band) -> Junior_Wells
The_Adult_Net -> Brix_Smith
The_Alan_Parsons_Project -> Alan_Parsons
The_Alan_Parsons_Project -> Eric_Woolfson
The_Alliance_(dancehall) -> Mavado_(singer)
The_Allman_Brothers_Band -> Dickey_Betts
The_Allman_Brothers_Band -> Gregg_Allman
The_Almighty_RSO -> Benzino
The_Almost -> Aaron_Gillespie
The_Amps -> Kelley_Deal
The_Anon -> Anthony_Phillips
The_Auteurs -> Luke_Haines
The_Bangles -> Michael_Steele_(musician)
The_Beach_Boys -> Carl_Wilson
The_Beach_Boys -> Dennis_Wilson
The_Beatles -> George_Harrison
The_Beatles -> John_Lennon
The_Beatnigs -> Michael_Franti
The_Beautiful_South -> Alison_Wheeler
The_Benjamin_Gate -> Adrienne_Camp
The_Bens -> Ben_Folds
The_Bens -> Ben_Kweller
The_Best_(band) -> Joe_Walsh
The_Best_(band) -> John_Entwistle
The_Big_3_(folk_group) -> Cass_Elliot
The_Birthday_Party_(band) -> Nick_Cave
The_Black -> Jason_Reece
The_Black_Seeds -> Bret_McKenzie
The_Blockheads -> Ian_Dury
The_Blue_Moon_Boys -> Elvis_Presley
The_Blue_Velvets -> John_Fogerty
The_Blues_Brothers -> Cab_Calloway
The_Blues_Brothers -> Chaka_Khan
The_Bobby_Fuller_Four -> Bobby_Fuller
The_Bootleg_Beatles -> David_Catlin-Birch
The_Boswell_Sisters -> Connee_Boswell
The_Bothy_Band -> Mícheál_Ó_Domhnaill
The_Brian_May_Band -> Brian_May
The_Buckaroos -> Buck_Owens
The_Buckaroos -> Merle_Haggard
The_Byrds -> Gene_Clark
The_Byrds -> Gram_Parsons
The_Calling -> Alex_Band
The_Carpenters -> Karen_Carpenter
The_Cars -> Benjamin_Orr
The_Charlatans_(American_band) -> Dan_Hicks_(singer)
The_Charleston_Chasers -> Jack_Teagarden
The_Charleston_Chasers -> Kate_Smith
The_Cheetah_Girls_(group) -> Adrienne_Bailon
The_Chessmen -> Jimmie_Vaughan
The_Clash -> Joe_Strummer
The_Click -> B-Legit
The_Click -> E-40
The_Color_Changin'_Click -> Chamillionaire
The_Color_Changin'_Click -> Paul_Wall
The_Company_of_Snakes -> Jørn_Lande
The_Conglomerate_(American_group) -> N.O.R.E.
The_Conglomerate_(American_group) -> Papoose_(rapper)
The_Corn_Sisters -> Neko_Case
The_Cribs -> Johnny_Marr
The_Crickets -> Buddy_Holly
The_Crocodiles -> Jenny_Morris_(musician)
The_Curtains -> Nedelle_Torrisi
The_Damned_(band) -> Lemmy
The_Dave_Clark_Five -> Mike_Smith_(Dave_Clark_Five)
The_Dead_(band) -> Bob_Weir
The_Dead_(band) -> Joan_Osborne
The_Dead_Daisies -> Bernard_Fowler
The_Deadly_Nightshade -> Florence_Ballard
The_Deep_(band) -> David_Bromberg
The_Dillinger_Escape_Plan -> Mike_Patton
The_Diplomats -> 40_Cal.
The_Dirty_Mac -> Eric_Clapton
The_Dirty_Mac -> John_Lennon
The_Dirty_Mac -> Keith_Richards
The_Disposable_Heroes_of_Hiphoprisy -> Michael_Franti
The_Distillers -> Brody_Dalle
The_Dixie_Hummingbirds -> Ira_Tucker
The_Doors -> Jim_Morrison
The_Drifters -> Ben_E._King
The_Drifters -> Clyde_McPhatter
The_Drinkard_Singers -> Dionne_Warwick
The_Dubliners -> Paddy_Reilly
The_Ducks -> Neil_Young
The_Electric_Flag -> Mike_Bloomfield
The_Enemy_(New_Zealand_band) -> Phil_Judd
The_Equals -> Eddy_Grant
The_Esquires_(Canadian_band) -> Bruce_Cockburn
The_Fabulous_Thunderbirds -> Jimmie_Vaughan
The_Faint -> Conor_Oberst
The_Family_Dogg -> Albert_Hammond
The_Fartz -> Duff_McKagan
The_Fat_Boys -> Darren_Robinson_(rapper)
The_Ferris_Wheel_(band) -> Linda_Lewis
The_Fire_Theft -> Jeremy_Enigk
The_Firm_(hip_hop_group) -> AZ_(rapper)
The_Firm_(hip_hop_group) -> Foxy_Brown_(rapper)
The_Firm_(hip_hop_group) -> Nas
The_Firm_(hip_hop_group) -> Nature_(rapper)
The_Firm_(rock_band) -> Jimmy_Page
The_Flesh_Eaters -> John_Doe_(musician)
The_Flower_Kings -> Daniel_Gildenlöw
The_Flying_Burrito_Brothers -> Gram_Parsons
The_Flying_Circus_(Canada) -> Bruce_Cockburn
The_Flying_Padovanis -> Glen_Matlock
The_Folk_Implosion -> Lou_Barlow
The_Forces_of_Evil -> Aaron_Barrett
The_Gass -> Bobby_Tench
The_Gathering_(band) -> Anneke_van_Giersbergen
The_Gentlemen_(Dallas_band) -> Jimmie_Vaughan
The_Gentlemen_(band) -> Dave_Dederer
The_Gentlemen_(band) -> Duff_McKagan
The_Gits -> Mia_Zapata
The_Go-Go's -> Gina_Schock
The_Go-Go's -> Jane_Wiedlin
The_Golliwogs -> John_Fogerty
The_Great_Society_(band) -> Grace_Slick
The_GrooveGrass_Boyz -> Bootsy_Collins
The_GrooveGrass_Boyz -> Mac_Wiseman
The_Gutter_Twins -> Greg_Dulli
The_Gutter_Twins -> Mark_Lanegan
The_Halifax_III -> Denny_Doherty
The_Halifax_III -> Zal_Yanovsky
The_Hassles -> Billy_Joel
The_Hectics -> Freddie_Mercury
The_Highwaymen_(country_supergroup) -> Johnny_Cash
The_Highwaymen_(country_supergroup) -> Kris_Kristofferson
The_Himalayans -> Adam_Duritz
The_Honeydrippers -> Jimmy_Page
The_Hylozoists -> Owen_Pallett
The_Idle_Race -> Jeff_Lynne
The_Ikettes -> P._P._Arnold
The_Impressions -> Curtis_Mayfield
The_Incredible_String_Band -> Licorice_McKechnie
The_Jabbers -> GG_Allin
The_Jackson_5 -> Michael_Jackson
The_Jaggerz -> Donnie_Iris
The_Jam -> Paul_Weller
The_Jazz_Messengers -> Kenny_Dorham
The_Jeff_Beck_Group -> Bobby_Tench
The_Jimi_Hendrix_Experience -> Jimi_Hendrix
The_Judds -> Naomi_Judd
The_Judds -> Wynonna_Judd
The_Kelley_Deal_6000 -> Kelley_Deal
The_Kingston_Trio -> Nick_Reynolds
The_Knife -> Karin_Dreijer_Andersson
The_Last_Wish -> Justin_Furstenfeld
The_Libertines -> Johnny_Borrell
The_Limeliters -> Glenn_Yarbrough
The_London_Cowboys -> Glen_Matlock
The_Long_Winters -> Chris_Walla
The_Lovin'_Spoonful -> John_Sebastian
The_Lovin'_Spoonful -> Zal_Yanovsky
The_Mad_Capsule_Markets -> Hiroshi_Kyono
The_Magic_Lanterns -> Albert_Hammond
The_Magic_Lanterns -> Lol_Creme
The_Mamas_&_the_Papas -> Cass_Elliot
The_Mamas_&_the_Papas -> Denny_Doherty
The_Mamas_&_the_Papas -> John_Phillips_(musician)
The_Mamas_&_the_Papas -> Michelle_Phillips
The_Manfreds -> Mike_d'Abo
The_Mescaleros -> Joe_Strummer
The_Microphones -> Anna_Oxygen
The_Microphones -> Karl_Blau
The_Microphones -> Mirah
The_Midnighters -> Hank_Ballard
The_Midnighters -> Levi_Stubbs
The_Modern_Lovers -> Jonathan_Richman
The_Moldy_Peaches -> Adam_Green_(musician)
The_Moldy_Peaches -> Kimya_Dawson
The_Monkees -> Michael_Nesmith
The_Monks_(UK_band) -> John_Ford_(musician)
The_Moody_Blues -> Denny_Laine
The_Moody_Blues -> Mike_Pinder
The_Moonglows -> Marvin_Gaye
The_Moors_Murderers -> Chrissie_Hynde
The_Motels -> Johnny_Marr
The_Move -> Jeff_Lynne
The_Mugwumps_(band) -> Cass_Elliot
The_Mugwumps_(band) -> Denny_Doherty
The_Mugwumps_(band) -> John_Sebastian
The_Mugwumps_(band) -> Zal_Yanovsky
The_Mullanes -> Neil_Finn
The_Murder_Junkies -> Dee_Dee_Ramone
The_Murder_Junkies -> GG_Allin
The_Mynah_Birds -> Neil_Young
The_Network -> Billie_Joe_Armstrong
The_Network -> Mike_Dirnt
The_New_Cars -> Kasim_Sulton
The_New_Seekers -> Lyn_Paul
The_New_Seekers -> Peter_Doyle_(singer)
The_Nig-Heist -> Greg_Ginn
The_Nig-Heist -> Ian_MacKaye
The_No_WTO_Combo -> Jello_Biafra
The_Nosebleeds -> Morrissey
The_Notting_Hillbillies -> Mark_Knopfler
The_Olivia_Tremor_Control -> Jeff_Mangum
The_Orchestra -> Kelly_Groucutt
The_Origin_(band) -> Gary_Jules
The_Other_Ones -> Bob_Weir
The_Other_Ones -> Bruce_Hornsby
The_Other_Ones -> Mark_Karan
The_Outsiders_(British_band) -> Adrian_Borland
The_Pacemakers_(funk_band) -> Bootsy_Collins
The_Pacemakers_(funk_band) -> Philippé_Wynne
The_Parliaments -> Fuzzy_Haskins
The_Parliaments -> George_Clinton_(musician)
The_Pharcyde -> Fatlip
The_Pied_Pipers -> Frank_Sinatra
The_Pied_Pipers -> Jo_Stafford
The_Pipettes -> Joe_Van_Moyland
The_Pogues -> Joe_Strummer
The_Poozies -> Kate_Rusby
The_Power_Station_(band) -> John_Taylor_(bass_guitarist)
The_Presidents_of_the_United_States_of_America_(band) -> Dave_Dederer
The_Pretenders -> Johnny_Marr
The_Quarrymen -> George_Harrison
The_Quarrymen -> John_Lennon
The_Quireboys -> Jason_Bonham
The_Raelettes -> Mable_John
The_Raelettes -> Merry_Clayton
The_Raelettes -> Minnie_Riperton
The_Rambos -> Dottie_Rambo
The_Rebels_(rockabilly_band) -> Gene_Summers
The_Reddings -> Otis_Redding
The_Remedies -> Eedris_Abdulkareem
The_Replacements_(band) -> Paul_Westerberg
The_Roots -> Martin_Luther_McCoy
The_Runaways -> Joan_Jett
The_Runaways -> Michael_Steele_(musician)
The_Sallyangie -> Mike_Oldfield
The_Sandkings_(band) -> Jas_Mann
The_Screamers -> Eldon_Hoke
The_Seekers -> Julie_Anthony_(singer)
The_Servants -> Luke_Haines
The_Shadows -> John_Farrar
The_Smashing_Pumpkins -> Melissa_Auf_der_Maur
The_Smiths -> Johnny_Marr
The_Smiths -> Morrissey
The_Soul_Clan -> Ben_E._King
The_Soul_Clan -> Joe_Tex
The_Soul_Clan -> Otis_Redding
The_Soul_Stirrers -> Lou_Rawls
The_Sound_(band) -> Adrian_Borland
The_Specials -> Neville_Staple
The_Spektors -> Bon_Scott
The_Spiders_(American_rock_band) -> Alice_Cooper
The_Spinners_(American_R&B_group) -> Philippé_Wynne
The_Spitfire_Boys -> Pete_Wylie
The_Squires_(Canadian_band) -> Neil_Young
The_Stanley_Brothers -> Carter_Stanley
The_Staple_Singers -> Pops_Staples
The_Stooges -> Iggy_Pop
The_Story_(American_band) -> Jonatha_Brooke
The_Strangers_(American_band) -> Glen_Campbell
The_Strangers_(American_band) -> Iris_DeMent
The_Strangers_(American_band) -> Merle_Haggard
The_Strangers_(Australian_band) -> John_Farrar
The_Stripes -> Nena
The_Style_Council -> Dee_C._Lee
The_Style_Council -> Paul_Weller
The_Supremes -> Diana_Ross
The_Supremes -> Florence_Ballard
The_Supremes -> Jean_Terrell
The_Swingers -> Phil_Judd
The_Syn -> Chris_Squire
The_Talleys -> Kirk_Talley
The_Tannahill_Weavers -> Dougie_MacLean
The_Techniques -> Bruce_Ruffin
The_Techniques -> Pat_Kelly_(musician)
The_Teenagers -> Frankie_Lymon
The_Telefones -> MC_900_Ft._Jesus
The_Temptations -> Eddie_Kendricks
The_Temptations -> Elbridge_Bryant
The_The -> Johnny_Marr
The_Time_Frequency -> Mary_Kiani
The_Times_(band) -> Misty_Woods
The_Tokens -> Neil_Sedaka
The_Tony_Williams_Lifetime -> Jack_Bruce
The_Top_Notes -> Dionne_Warwick
The_Tourists -> Annie_Lennox
The_Unicorns -> Alden_Penner
The_Uniques_(Jamaican_group) -> Cornell_Campbell
The_Uniques_(Jamaican_group) -> Lloyd_Charmers
The_Upsetters_(American_band) -> Little_Richard
The_Valentines_(rock_band) -> Bon_Scott
The_Valentinos -> Cecil_Womack
The_Velvet_Underground -> John_Cale
The_Velvet_Underground -> Maureen_Tucker
The_Vindictives -> Ben_Weasel
The_Wailin'_Jennys -> Cara_Luft
The_Waitresses -> Patty_Donahue
The_Warlocks -> Anton_Newcombe
The_Weathermen_(hip_hop_group) -> Camu_Tao
The_Weathermen_(hip_hop_group) -> Copywrite_(rapper)
The_Weavers -> Pete_Seeger
The_White_Stripes -> Jack_White
The_Whitest_Boy_Alive -> Erlend_Øye
The_Who -> John_Entwistle
The_Wiggles -> Murray_Cook
The_Wild_Magnolias -> Monk_Boudreaux
The_Wild_Swans_(band) -> Ian_Broudie
The_Wilde_Flowers -> Kevin_Ayers
The_Williams_Brothers -> Andy_Williams
The_Witch_Trials -> Adrian_Borland
The_Witch_Trials -> Jello_Biafra
The_Wrays -> Collin_Raye
The_Wreckers -> Jessica_Harp
The_Wreckers -> Michelle_Branch
The_Wrights_(Australian_band) -> Nic_Cester
The_Young_Aborigines -> Adam_Yauch
The_Young_Snakes -> Aimee_Mann
The_Yummy_Fur -> Alex_Kapranos
Theatre_of_Eternal_Music -> John_Cale
Theatre_of_Tragedy -> Liv_Kristine
Theatres_des_Vampires -> Alessandro_Nunziati
Thee_Headcoats -> Billy_Childish
Thee_Mighty_Caesars -> Billy_Childish
Thin_Lizzy -> Gary_Moore
Thin_Lizzy -> Midge_Ure
Thin_Lizzy -> Phil_Lynott
Three_6_Mafia -> Lord_Infamous
Throbbing_Gristle -> Genesis_P-Orridge
Thrush_Hermit -> Joel_Plaskett
Thug_Life -> Mopreme_Shakur
Tiger_Lily_(UK_band) -> John_Foxx
Time_(Yugoslav_band) -> Dado_Topić
Tin_Machine -> David_Bowie
Tinker_(band) -> Melissa_Auf_der_Maur
Toe_Fat -> Ken_Hensley
Tom_Tom_Club -> Adrian_Belew
Tones_on_Tail -> Daniel_Ash
Tormé -> Bernie_Tormé
Torture_Killer -> Chris_Barnes_(musician)
Toto_(band) -> Bobby_Kimball
Tourbillon_(band) -> Inoran
Tram_11 -> General_Woo
Trapeze_(band) -> Glenn_Hughes
Trapeze_(band) -> Peter_Goalby
Traveling_Wilburys -> George_Harrison
Traveling_Wilburys -> Jeff_Lynne
Treacherous_Three -> Kool_Moe_Dee
Treat_(band) -> Mats_Levén
Tribe_of_Judah_(band) -> Gary_Cherone
Trotsky_Icepick -> Mike_Patton
Tubeway_Army -> Gary_Numan
Twenty_4_Seven -> Nancy_Coolen
Type_O_Negative -> Peter_Steele
UTP_(group) -> Juvenile_(rapper)
UltraCats -> Chae_Yeon
Ultra_Vivid_Scene -> Melora_Creager
Ultra_Vivid_Scene -> Moby
Ultravox -> John_Foxx
Ulver -> Carl-Michael_Eide
Uncle_Tupelo -> Jay_Farrar
Uncle_Tupelo -> Jeff_Tweedy
Upper_Street_(band) -> Lee_Latchford-Evans
Urbana_Gerila -> Zoran_Kostić_(musician)
Uropa_Lula -> Andrew_Edge
Ushiroyubi_Sasaregumi -> Yukiko_Iwai_(Onyanko_Club)
Van_Halen -> Gary_Cherone
Van_Halen -> Michael_Anthony_(musician)
Van_Zant -> Donnie_Van_Zant
Van_Zant -> Johnny_Van_Zant
Ved_Buens_Ende -> Carl-Michael_Eide
Velvet_Revolver -> Duff_McKagan
Vengeance_(band) -> Arjen_Anthony_Lucassen
Venomous_Concept -> Buzz_Osborne
Vicious_White_Kids -> Glen_Matlock
Viking_Crown -> Phil_Anselmo
Vinegar_Joe_(band) -> Elkie_Brooks
Visage_(band) -> Midge_Ure
Vista_Chino -> Nick_Oliveri
Voivod_(band) -> Jason_Newsted
WC_and_the_Maad_Circle -> Coolio
W_(group) -> Ai_Kago
Wax_Poetic -> N'Dea_Davenport
Wax_Poetic -> Norah_Jones
We_Are_Scientists -> Andy_Burrows
Weapon_of_Choice_(band) -> Gabby_La_La
Wellwater_Conspiracy -> Josh_Homme
West,_Bruce_and_Laing -> Jack_Bruce
Westlife -> Nicky_Byrne
Westside_Connection -> Mack_10
Wet_Willie -> Elkie_Brooks
Wham! -> Andrew_Ridgeley
Wham! -> Dee_C._Lee
Wham! -> George_Michael
What_Is_This%3F -> Anthony_Kiedis
What_Is_This%3F -> Flea_(musician)
Whiskeytown -> Caitlin_Cary
White_Lion -> Mike_Tramp
White_Rose_Transmission -> Adrian_Borland
White_Tiger_(band) -> Mark_St._John
WhoCares -> Ian_Gillan
WhoCares -> Jason_Newsted
Wicked_Lester -> Gene_Simmons
Wicked_Lester -> Paul_Stanley
Widowmaker_(Dee_Snider_band) -> Dee_Snider
Wild_Cherry_(band) -> Donnie_Iris
Wild_Orchid_(band) -> Fergie_(singer)
Will_Haven -> Chris_Fehn
Wingless_Angels_(band) -> Justin_Hinds
Wings_(band) -> Denny_Laine
Winter_Rose_(band) -> James_LaBrie
Womack_&_Womack -> Cecil_Womack
Womack_&_Womack -> Linda_Womack
Wool_(band) -> Peter_Stahl
World_Class_Wreckin'_Cru -> DJ_Yella
World_Class_Wreckin'_Cru -> Dr._Dre
Wu-Tang_Clan -> Ol'_Dirty_Bastard
XYZ_(UK_band) -> Chris_Squire
XYZ_(UK_band) -> Jimmy_Page
Yano -> Dong_Abay
Yazoo_(band) -> Alison_Moyet
Yellow_Matter_Custard -> Kasim_Sulton
Yellow_Matter_Custard -> Neal_Morse
Yoso -> Bobby_Kimball
Young_Divas -> Kate_DeAraugo
Youth_Gone_Mad -> Dee_Dee_Ramone
ZYX_(pop_group) -> Chinami_Tokunaga
ZYX_(pop_group) -> Erika_Umeda
ZYX_(pop_group) -> Koharu_Kusumi
ZYX_(pop_group) -> Momoko_Tsugunaga
Zard -> Izumi_Sakai
Ziggy_Marley_and_the_Melody_Makers -> Ziggy_Marley
Zilch_(band) -> Hide_(musician)
Zolof_the_Rock_&_Roll_Destroyer -> Anthony_Green_(musician)
Zos_Kia -> John_Balance
Zwan -> Paz_Lenchantin
Étoile_de_Dakar -> Youssou_N'Dour
